id,symbol,timeframe,signal_type,entry_price,stop_loss,take_profit,confidence,timestamp,status
1,AMD,M15,BUY,138.41,137.67590875350623,139.61909146481327,0.8,2025-07-10 05:01:40.519352,executed
2,AUDSGD,M15,BUY,0.83827,0.837560891040653,0.8394379441683362,0.8,2025-07-10 05:01:40.894845,not_executed
3,NOKJPY,M15,BUY,14.51,14.48978864929708,14.54328928351069,0.8,2025-07-10 05:01:41.143181,not_executed
4,XAUUSD,M15,BUY,3320.22,3313.8547001884576,3330.7040232190107,0.8,2025-07-10 05:01:42.658816,not_executed
5,XAUEUR,M5,BUY,2834.66,2830.904521067481,2840.845494712384,0.8,2025-07-10 05:01:42.762477,not_executed
6,HKDJPY,M5,SELL,18.628,18.641844878058567,18.60519667143295,0.8,2025-07-10 05:16:19.173432,not_executed
7,AMD,M15,BUY,138.41,137.67590875350623,139.61909146481327,0.8,2025-07-10 05:16:19.238344,not_executed
8,USDJPY,M5,SELL,146.23,146.33723822799936,146.05337233035397,0.8,2025-07-10 05:16:19.788883,not_executed
9,XAGUSD,M5,BUY,36.656,36.5621211125445,36.8106240499267,0.8,2025-07-10 05:16:20.158365,not_executed
10,ABSI,M15,BUY,2.83,2.781272703955873,2.910256722896209,0.75,2025-07-10 05:31:28.095856,not_executed
11,AMC,M15,BUY,2.94,2.901127399219807,3.0040254601085534,0.7,2025-07-10 05:31:28.165499,not_executed
12,AES,M15,BUY,13.26,13.03816694302052,13.625372093848554,0.75,2025-07-10 05:31:28.243337,not_executed
13,ALE,M15,BUY,64.93,64.84344436680108,65.07256221938647,0.75,2025-07-10 05:31:28.251998,not_executed
14,HKDJPY,M5,BUY,18.645,18.62742413123121,18.673948489736834,0.75,2025-07-10 05:31:28.330133,not_executed
15,HKDJPY,M15,BUY,18.645,18.621580430142732,18.683573409176674,0.75,2025-07-10 05:31:28.334271,not_executed
16,AUDUSD,M15,BUY,0.65504,0.6543135751668632,0.6562364644310487,0.7,2025-07-10 05:31:28.554724,not_executed
17,USDJPY,M5,BUY,146.37,146.24045081276606,146.58337513191475,0.75,2025-07-10 05:31:28.619034,not_executed
18,USDJPY,M15,BUY,146.37,146.18932292679847,146.6675857676261,0.75,2025-07-10 05:31:28.624045,not_executed
19,AMD,M15,BUY,138.41,137.67590875350623,139.61909146481327,0.8,2025-07-10 05:31:28.676786,not_executed
20,XAGUSD,M15,BUY,36.565,36.409314914982374,36.8214224929702,0.8,2025-07-10 05:31:28.829937,not_executed
21,AMZN,M15,BUY,222.54,221.76014400489413,223.82446869782143,0.75,2025-07-10 05:31:28.838904,not_executed
22,AAPL,M15,BUY,211.14,210.24909140477595,212.6073788627219,0.75,2025-07-10 05:31:28.881928,not_executed
23,XAUEUR,M5,BUY,2834.92,2830.9160674846794,2841.514712378176,0.8,2025-07-10 05:31:28.964324,not_executed
24,ABSI,M15,BUY,2.83,2.781272703955873,2.910256722896209,0.75,2025-07-10 05:46:44.233088,not_executed
25,AMC,M15,BUY,2.94,2.901127399219807,3.0040254601085534,0.7,2025-07-10 05:46:44.477593,not_executed
26,AES,M15,BUY,13.26,13.03816694302052,13.625372093848554,0.75,2025-07-10 05:46:44.601558,not_executed
27,ALE,M15,BUY,64.93,64.84344436680108,65.07256221938647,0.75,2025-07-10 05:46:44.631533,not_executed
28,HKDJPY,M5,BUY,18.662,18.643115765821715,18.693103444528933,0.75,2025-07-10 05:46:44.955949,not_executed
29,HKDJPY,M15,BUY,18.662,18.63851459501259,18.700681843508672,0.75,2025-07-10 05:46:44.970428,not_executed
30,USDJPY,M5,BUY,146.497,146.35790890142627,146.72609122118027,0.75,2025-07-10 05:46:45.985054,not_executed
31,USDJPY,M15,BUY,146.497,146.31662831433644,146.79408277638706,0.75,2025-07-10 05:46:46.000442,not_executed
32,AMD,M15,BUY,138.41,137.67590875350623,139.61909146481327,0.8,2025-07-10 05:46:46.185998,not_executed
33,AMZN,M15,BUY,222.54,221.76014400489413,223.82446869782143,0.75,2025-07-10 05:46:46.831019,not_executed
34,AAPL,M15,BUY,211.14,210.24909140477595,212.6073788627219,0.75,2025-07-10 05:46:46.985635,not_executed
35,XAUUSD,M15,BUY,3323.94,3317.1980579300866,3335.0443751739754,0.75,2025-07-10 05:46:47.139510,executed
36,XAUEUR,M5,BUY,2839.82,2835.7687437028662,2846.4926574305737,0.75,2025-07-10 05:46:47.279027,not_executed
37,XAUEUR,M15,BUY,2839.82,2833.623246362187,2850.0264177563986,0.75,2025-07-10 05:46:47.294337,not_executed
38,ABSI,M15,BUY,2.83,2.781272703955873,2.910256722896209,0.75,2025-07-10 05:58:34.351071,not_executed
39,AMC,M15,BUY,2.94,2.901127399219807,3.0040254601085534,0.7,2025-07-10 05:58:34.505414,not_executed
40,ALE,M15,BUY,64.93,64.84344436680108,65.07256221938647,0.75,2025-07-10 05:58:34.582313,not_executed
41,AMD,M15,BUY,138.41,137.67590875350623,139.61909146481327,0.8,2025-07-10 05:58:34.659661,not_executed
42,HKDJPY,M5,BUY,18.658,18.639954449291277,18.687722083520256,0.75,2025-07-10 05:58:34.717586,not_executed
43,HKDJPY,M15,BUY,18.658,18.632474595012592,18.70004184350868,0.75,2025-07-10 05:58:34.722151,not_executed
44,AUDSGD,M5,BUY,0.83889,0.8383075797704506,0.8398492803780816,0.75,2025-07-10 05:58:35.024519,not_executed
45,AUDSGD,M15,BUY,0.83889,0.8379714188690316,0.8404029571568893,0.75,2025-07-10 05:58:35.028989,not_executed
46,USDJPY,M5,BUY,146.463,146.32797649336757,146.6853916579828,0.75,2025-07-10 05:58:35.329336,not_executed
47,USDJPY,M15,BUY,146.463,146.26698831433643,146.78584277638703,0.75,2025-07-10 05:58:35.333883,not_executed
48,AAP,M15,BUY,58.32,57.7680096309298,59.22916060788033,0.75,2025-07-10 05:58:35.364164,not_executed
49,AAPL,M15,BUY,211.14,210.24909140477595,212.6073788627219,0.75,2025-07-10 05:58:35.440209,not_executed
50,XAGUSD,M15,BUY,36.691,36.51965514854029,36.973215049463064,0.75,2025-07-10 05:58:35.671580,not_executed
51,AMZN,M15,BUY,222.54,221.76014400489413,223.82446869782143,0.75,2025-07-10 05:58:35.701009,not_executed
52,XAGEUR,M15,BUY,31.344,31.195778182512754,31.588130052331937,0.75,2025-07-10 05:58:35.823580,not_executed
53,XAUUSD,M15,BUY,3323.34,3316.212724596753,3335.0790418406423,0.8,2025-07-10 05:58:35.867826,not_executed
54,EURJPY,M5,SELL,171.469,171.60570897334503,171.24383227919643,0.75,2025-07-10 05:58:36.016952,not_executed
55,SGDJPY,M5,BUY,114.373,114.28299990913013,114.52123544378568,0.75,2025-07-10 05:58:36.245228,not_executed
56,SGDJPY,M15,BUY,114.373,114.24936291821453,114.5766375464702,0.75,2025-07-10 05:58:36.249775,not_executed
57,ABSI,M15,BUY,2.83,2.781272703955873,2.910256722896209,0.75,2025-07-10 06:12:05.696257,not_executed
58,AMC,M15,BUY,2.94,2.901127399219807,3.0040254601085534,0.7,2025-07-10 06:12:05.881513,not_executed
59,ALE,M15,BUY,64.93,64.84344436680108,65.07256221938647,0.75,2025-07-10 06:12:05.959698,not_executed
60,HKDJPY,M5,BUY,18.652,18.63525224447198,18.679584538516742,0.75,2025-07-10 06:12:06.046987,not_executed
61,AES,M15,BUY,13.26,13.03816694302052,13.625372093848554,0.75,2025-07-10 06:12:06.249842,not_executed
62,AAPL,M5,BUY,211.14,210.65307778017143,211.94198953854112,0.75,2025-07-10 06:12:06.293060,not_executed
63,AAPL,M15,BUY,211.14,210.24909140477595,212.6073788627219,0.75,2025-07-10 06:12:06.297613,not_executed
64,AMD,M15,BUY,138.41,137.67590875350623,139.61909146481327,0.8,2025-07-10 06:12:06.512991,not_executed
65,AUDUSD,M15,BUY,0.65508,0.6542061004586662,0.6565193639504322,0.8,2025-07-10 06:12:06.605814,not_executed
66,USDJPY,M5,BUY,146.419,146.29126529459614,146.62938657360638,0.75,2025-07-10 06:12:06.693904,not_executed
67,AMZN,M15,BUY,222.54,221.76014400489413,223.82446869782143,0.75,2025-07-10 06:12:06.993417,not_executed
68,XAGUSD,M5,BUY,36.837,36.73001796431,37.01320570584237,0.75,2025-07-10 06:12:07.107200,executed
69,XAGUSD,M15,BUY,36.837,36.64724779540158,37.149533042867986,0.75,2025-07-10 06:12:07.111855,executed
70,XAUUSD,M15,BUY,3325.84,3318.3800946505194,3338.1269029285563,0.75,2025-07-10 06:12:07.234819,executed
71,XAGEUR,M15,BUY,31.462,31.303167758177718,31.723606045354344,0.75,2025-07-10 06:12:07.312388,not_executed
72,XAUEUR,M15,BUY,2839.96,2833.2421735138955,2851.0246553888783,0.75,2025-07-10 06:12:07.388969,not_executed
73,EURJPY,M5,SELL,171.479,171.59956462650047,171.2804229681169,0.75,2025-07-10 06:12:07.400806,not_executed
74,SGDJPY,M15,BUY,114.365,114.23903452911925,114.57247254027416,0.75,2025-07-10 06:12:07.681860,not_executed
75,ABSI,M15,BUY,2.83,2.781272703955873,2.910256722896209,0.75,2025-07-10 06:23:26.453969,not_executed
76,AMC,M15,BUY,2.94,2.901127399219807,3.0040254601085534,0.7,2025-07-10 06:23:26.562263,not_executed
77,AA,M15,BUY,30.61,30.416245390962054,30.92912523841544,0.8,2025-07-10 06:23:26.596286,not_executed
78,AES,M15,BUY,13.26,13.03816694302052,13.625372093848554,0.75,2025-07-10 06:23:26.604862,not_executed
79,ALE,M15,BUY,64.93,64.84344436680108,65.07256221938647,0.75,2025-07-10 06:23:26.613581,not_executed
80,AUDSGD,M5,BUY,0.83894,0.8384029779485892,0.8398245069082061,0.75,2025-07-10 06:23:26.964732,not_executed
81,AUDSGD,M15,BUY,0.83894,0.8380811012838504,0.8403546567089524,0.75,2025-07-10 06:23:26.969236,not_executed
82,AAOI,M15,BUY,27.92,27.44364129097087,28.704590814871512,0.75,2025-07-10 06:23:26.986626,not_executed
83,AUDUSD,M15,BUY,0.65519,0.6543532870641774,0.6565681154237079,0.8,2025-07-10 06:23:27.012946,not_executed
84,AMD,M15,BUY,138.41,137.67590875350623,139.61909146481327,0.8,2025-07-10 06:23:27.115750,not_executed
85,AAPL,M15,BUY,211.14,210.24909140477595,212.6073788627219,0.75,2025-07-10 06:23:27.159407,not_executed
86,XAGUSD,M5,BUY,36.692,36.561672159859505,36.90665761905493,0.8,2025-07-10 06:23:27.241236,executed
87,AMZN,M15,BUY,222.54,221.76014400489413,223.82446869782143,0.75,2025-07-10 06:23:27.254711,not_executed
88,XAUUSD,M5,BUY,3322.59,3317.2565365819214,3331.3745279827176,0.8,2025-07-10 06:23:27.369920,executed
89,XAUUSD,M15,BUY,3322.59,3314.5698153637836,3335.7997158714156,0.8,2025-07-10 06:23:27.374262,executed
90,ABSI,M15,BUY,2.83,2.781272703955873,2.910256722896209,0.75,2025-07-10 06:38:43.971507,not_executed
91,AMC,M15,BUY,2.94,2.901127399219807,3.0040254601085534,0.7,2025-07-10 06:38:44.077976,not_executed
92,AA,M15,BUY,30.61,30.416245390962054,30.92912523841544,0.8,2025-07-10 06:38:44.112782,not_executed
93,AES,M15,BUY,13.26,13.03816694302052,13.625372093848554,0.75,2025-07-10 06:38:44.121461,not_executed
94,ALE,M15,BUY,64.93,64.84344436680108,65.07256221938647,0.75,2025-07-10 06:38:44.129959,not_executed
95,HKDJPY,M15,BUY,18.653,18.628182603034862,18.69387571264846,0.75,2025-07-10 06:38:44.191351,not_executed
96,AUDSGD,M15,BUY,0.83903,0.838115167779337,0.8405367824810921,0.75,2025-07-10 06:38:44.488960,not_executed
97,AAOI,M15,BUY,27.92,27.44364129097087,28.704590814871512,0.75,2025-07-10 06:38:44.507064,not_executed
98,USDJPY,M15,BUY,146.426,146.23282243751026,146.7441748088066,0.75,2025-07-10 06:38:44.587345,not_executed
99,AMD,M15,BUY,138.41,137.67590875350623,139.61909146481327,0.8,2025-07-10 06:38:44.638991,not_executed
100,AAPL,M15,BUY,211.14,210.24909140477595,212.6073788627219,0.75,2025-07-10 06:38:44.682844,not_executed
101,USDCHF,M15,BUY,0.79683,0.7957350985681032,0.7986333670643008,0.75,2025-07-10 06:38:44.761828,not_executed
102,XAGUSD,M5,BUY,36.816,36.673629373395954,37.05049279675961,0.75,2025-07-10 06:38:44.766818,executed
103,XAGUSD,M15,BUY,36.816,36.58366967743497,37.19866170775418,0.75,2025-07-10 06:38:44.771031,executed
104,AMZN,M15,BUY,222.54,221.76014400489413,223.82446869782143,0.75,2025-07-10 06:38:44.779906,not_executed
105,XAUUSD,M5,BUY,3325.78,3320.820927665328,3333.9478838453424,0.75,2025-07-10 06:38:44.895775,executed
106,XAUEUR,M15,BUY,2841.89,2835.0897658837703,2853.090385603202,0.75,2025-07-10 06:38:44.990249,not_executed
107,SGDJPY,M15,BUY,114.331,114.21037971298291,114.52966870802815,0.75,2025-07-10 06:38:45.190768,not_executed
108,NVDA,M5,BUY,163.41,162.71662644246658,164.5520270359374,0.75,2025-07-10 06:54:05.642348,not_executed
109,AAL,M15,BUY,12.19,11.924445775185792,12.627383429105752,0.75,2025-07-10 06:54:05.657989,not_executed
110,AGNC,M15,BUY,9.48,9.440662940586048,9.544790450799452,0.7,2025-07-10 06:54:05.743513,not_executed
111,AMPG,M15,BUY,2.34,2.2966886233458004,2.411336385077505,0.75,2025-07-10 06:54:05.787589,not_executed
112,INTC,M5,BUY,23.64,23.455704954692628,23.94354478050626,0.75,2025-07-10 06:54:05.792443,not_executed
113,INTC,M15,BUY,23.64,23.432678872176087,23.98147009288645,0.75,2025-07-10 06:54:05.796808,not_executed
114,AMC,M15,SELL,2.93,2.970489587342834,2.8633112679059205,0.7,2025-07-10 06:54:05.805247,not_executed
115,ACHR,M15,BUY,10.41,10.2847161198146,10.616349920305364,0.8,2025-07-10 06:54:05.814427,not_executed
116,AA,M15,BUY,31.02,30.66167933883378,31.610175206626714,0.75,2025-07-10 06:54:05.840613,not_executed
117,ALE,M5,BUY,64.9,64.80746853764012,65.05240476153394,0.75,2025-07-10 06:54:05.853880,not_executed
118,ALC,M15,BUY,87.82,87.4043221836346,88.50464581519005,0.75,2025-07-10 06:54:05.893235,not_executed
119,HKDJPY,M5,BUY,18.671,18.652346642451576,18.70172317713858,0.75,2025-07-10 06:54:05.914482,not_executed
120,HKDJPY,M15,BUY,18.671,18.645472033741324,18.71304606207311,0.75,2025-07-10 06:54:05.919352,not_executed
121,AI,M5,BUY,27.17,26.885267746034987,27.638970771236494,0.8,2025-07-10 06:54:05.960787,not_executed
122,AEHR,M5,BUY,14.39,13.968041460981143,15.084990534854592,0.75,2025-07-10 06:54:05.969591,not_executed
123,AEHR,M15,BUY,14.39,13.826168705172073,15.318663309128352,0.75,2025-07-10 06:54:05.974001,not_executed
124,AUDSGD,M15,BUY,0.83861,0.8376832609643142,0.8401363937058353,0.8,2025-07-10 06:54:06.215034,not_executed
125,USDJPY,M5,BUY,146.572,146.4250302618669,146.81406780398393,0.75,2025-07-10 06:54:06.306924,not_executed
126,USDJPY,M15,BUY,146.572,146.37222655695336,146.90103861207683,0.75,2025-07-10 06:54:06.311142,not_executed
127,AMD,M15,BUY,143.51,141.33245425303872,147.0965459361715,0.75,2025-07-10 06:54:06.363792,not_executed
128,USDCHF,M15,BUY,0.79743,0.7963156187590227,0.7992654514557272,0.75,2025-07-10 06:54:06.483632,not_executed
129,XAGUSD,M15,SELL,36.534,36.781139612889696,36.12694651994638,0.8,2025-07-10 06:54:06.492079,executed
130,XAUEUR,M5,BUY,2837.44,2832.2724843458413,2845.9512022539084,0.8,2025-07-10 06:54:06.703690,not_executed
131,ALAB,M15,BUY,100.4,98.53883711250143,103.46544475588003,0.75,2025-07-10 06:54:06.717260,not_executed
132,ALB,M15,BUY,72.16,71.1601930368842,73.80674088042602,0.75,2025-07-10 06:54:06.770024,not_executed
133,AMAT,M15,BUY,197.18,195.98972385241518,199.1404548313162,0.75,2025-07-10 06:54:06.779184,not_executed
134,ANET,M15,BUY,105.62,104.56647626557617,107.35521556258043,0.7,2025-07-10 06:54:06.889950,not_executed
135,SGDJPY,M15,BUY,114.383,114.25934686236296,114.58666399140218,0.75,2025-07-10 06:54:06.907398,not_executed
136,XAGEUR,M15,BUY,31.244,31.037437433496233,31.58422069777091,0.7,2025-07-10 06:54:06.995138,not_executed
137,AAL,M5,BUY,12.36,12.122331000284118,12.75145482306145,0.75,2025-07-10 07:09:36.041314,not_executed
138,AAL,M15,BUY,12.36,12.07545300516102,12.828665638558318,0.75,2025-07-10 07:09:36.045913,not_executed
139,ABSI,M15,BUY,2.7800000000000002,2.7225470531935225,2.874628382975375,0.8,2025-07-10 07:09:36.065051,not_executed
140,AMC,M15,BUY,2.95,2.906144579858433,3.022232456703758,0.75,2025-07-10 07:09:36.168984,not_executed
141,ACHR,M15,BUY,10.4,10.22840730383932,10.682623264264649,0.8,2025-07-10 07:09:36.178074,not_executed
142,AA,M5,BUY,31.16,30.867073946837824,31.64246644050241,0.75,2025-07-10 07:09:36.199555,not_executed
143,AA,M15,BUY,31.16,30.808655426989276,31.738685179076487,0.75,2025-07-10 07:09:36.204061,not_executed
144,AES,M15,BUY,12.95,12.64632094831319,13.450177261601802,0.75,2025-07-10 07:09:36.212429,not_executed
145,ALE,M5,BUY,64.95,64.85964525716079,65.09881957644104,0.75,2025-07-10 07:09:36.217127,not_executed
146,ALC,M5,BUY,87.92,87.62551084310462,88.40504096429827,0.75,2025-07-10 07:09:36.252381,not_executed
147,ALC,M15,BUY,87.92,87.51214589248333,88.59175970649805,0.75,2025-07-10 07:09:36.256544,not_executed
148,HKDJPY,M15,BUY,18.676,18.65053620702026,18.717940364907804,0.75,2025-07-10 07:09:36.282310,not_executed
149,AI,M15,BUY,26.88,26.41722119411661,27.642223915572643,0.8,2025-07-10 07:09:36.325214,not_executed
150,AEHR,M5,BUY,14.36,13.944041804377946,15.045107616318678,0.75,2025-07-10 07:09:36.329560,not_executed
151,AUDSGD,M15,BUY,0.83912,0.838162692835739,0.8406967412117239,0.75,2025-07-10 07:09:36.573318,not_executed
152,AAOI,M15,BUY,27.56,26.96525945855145,28.539572656503488,0.8,2025-07-10 07:09:36.590495,not_executed
153,AUDUSD,M5,SELL,0.6547,0.6553828129956659,0.6535753668306677,0.7,2025-07-10 07:09:36.611640,not_executed
154,AUDUSD,M15,BUY,0.6547,0.6536958113817276,0.6563539577242131,0.8,2025-07-10 07:09:36.616173,not_executed
155,USDJPY,M5,BUY,146.612,146.47394550676194,146.83938387121563,0.75,2025-07-10 07:09:36.663443,not_executed
156,USDJPY,M15,BUY,146.612,146.41468523824847,146.93698901935548,0.75,2025-07-10 07:09:36.667704,not_executed
157,AMD,M5,BUY,143.13,141.22958728617996,146.26009152864475,0.75,2025-07-10 07:09:36.715660,not_executed
158,AAPL,M5,BUY,210.89,210.0545420460684,212.26604839471082,0.75,2025-07-10 07:09:36.759061,not_executed
159,AAPL,M15,BUY,210.89,209.85952198847616,212.58725790133334,0.75,2025-07-10 07:09:36.763241,not_executed
160,USDCHF,M15,BUY,0.79786,0.7967151362578196,0.799745657928297,0.75,2025-07-10 07:09:36.839487,not_executed
161,XAGUSD,M15,BUY,36.568,36.314251446606704,36.985938793824246,0.8,2025-07-10 07:09:36.848225,executed
162,AAP,M15,BUY,59.79,59.00456723389838,61.08365396769678,0.75,2025-07-10 07:09:37.001057,not_executed
163,XAUEUR,M5,BUY,2837.65,2831.9115484763893,2847.101567215359,0.8,2025-07-10 07:09:37.056460,not_executed
164,XAUEUR,M15,BUY,2837.65,2829.6462040045503,2850.8327228160347,0.75,2025-07-10 07:09:37.061126,not_executed
165,ALAB,M15,BUY,97.11,94.65832549750122,101.14805212176269,0.8,2025-07-10 07:09:37.069553,not_executed
166,ALB,M5,BUY,74.21,73.21255507666952,75.85285046195608,0.75,2025-07-10 07:09:37.116306,not_executed
167,ALB,M15,BUY,74.21,72.9559006319663,76.27557542970254,0.75,2025-07-10 07:09:37.120386,not_executed
168,AMAT,M5,BUY,197.39,196.39128915378004,199.0349355114211,0.75,2025-07-10 07:09:37.125295,not_executed
169,ANET,M15,BUY,105.14,104.06601276349934,106.90892015423637,0.7,2025-07-10 07:09:37.239790,not_executed
170,SGDJPY,M15,BUY,114.391,114.26520194738124,114.59819679254856,0.75,2025-07-10 07:09:37.257310,not_executed
171,XAGEUR,M15,BUY,31.29,31.06969555347451,31.65285438251257,0.75,2025-07-10 07:09:37.371006,not_executed
172,MSFT,M15,BUY,500.91,499.1229551647332,503.85336796396894,0.8,2025-07-10 07:09:37.564752,not_executed
173,NVDA,M15,BUY,162.45,161.18373791177228,164.53560814531622,0.7,2025-07-10 07:25:13.364131,not_executed
174,AAL,M15,BUY,12.58,12.282770382250662,13.06955466452832,0.75,2025-07-10 07:25:13.373579,not_executed
175,AG,M15,BUY,8.35,8.23243096134226,8.543643122495101,0.7,2025-07-10 07:25:13.382828,not_executed
176,ABSI,M15,BUY,2.77,2.7134074461010527,2.863211265245325,0.8,2025-07-10 07:25:13.391799,not_executed
177,AGNC,M15,BUY,9.48,9.437760164262409,9.549571494156032,0.7,2025-07-10 07:25:13.436671,not_executed
178,ACB,M15,BUY,4.62,4.560720689908919,4.7176365107382505,0.75,2025-07-10 07:25:13.463943,not_executed
179,AMPG,M15,BUY,2.36,2.3043382696834382,2.4516781440508075,0.75,2025-07-10 07:25:13.481861,not_executed
180,INTC,M5,BUY,23.67,23.487294494413987,23.970926715082847,0.75,2025-07-10 07:25:13.487060,not_executed
181,INTC,M15,BUY,23.67,23.416056575101152,24.088259758656932,0.75,2025-07-10 07:25:13.491601,not_executed
182,ACHR,M15,BUY,10.4,10.230886329994078,10.678540162362696,0.8,2025-07-10 07:25:13.509232,not_executed
183,AA,M5,BUY,31.32,31.07069185176563,31.7306251853272,0.75,2025-07-10 07:25:13.531870,not_executed
184,AA,M15,BUY,31.32,30.949768036724038,31.92979382186629,0.75,2025-07-10 07:25:13.536170,not_executed
185,ALE,M5,BUY,65.07,64.97296910426743,65.22981559297126,0.75,2025-07-10 07:25:13.549641,not_executed
186,ALE,M15,BUY,65.07,64.9411423033665,65.28223620621986,0.75,2025-07-10 07:25:13.554074,not_executed
187,ALC,M15,BUY,88.0,87.56930866237444,88.70937396785386,0.75,2025-07-10 07:25:13.589273,not_executed
188,HKDJPY,M15,BUY,18.687,18.65952160163978,18.732258538475655,0.75,2025-07-10 07:25:13.653323,not_executed
189,AI,M15,BUY,26.8,26.290276146012175,27.63954517127407,0.8,2025-07-10 07:25:13.703267,not_executed
190,AEHR,M15,BUY,14.84,14.201468938551468,15.891698218856407,0.75,2025-07-10 07:25:13.711614,not_executed
191,AUDSGD,M5,BUY,0.83925,0.8385912555159044,0.8403349909149812,0.75,2025-07-10 07:25:13.946684,not_executed
192,AUDUSD,M5,SELL,0.6547,0.6553852217277869,0.6535713995071744,0.7,2025-07-10 07:25:13.990481,not_executed
193,USDJPY,M5,BUY,146.699,146.57505850900995,146.9031389263366,0.75,2025-07-10 07:25:14.043548,not_executed
194,USDJPY,M15,BUY,146.699,146.4861360953709,147.0495993723303,0.75,2025-07-10 07:25:14.047758,not_executed
195,AMD,M5,BUY,143.02,141.41262938233257,145.66743395851108,0.75,2025-07-10 07:25:14.095998,not_executed
196,AMD,M15,BUY,143.02,140.74083897228243,146.7739122809466,0.75,2025-07-10 07:25:14.100885,not_executed
197,AAPL,M5,BUY,211.02,210.10739819017797,212.52310886323627,0.75,2025-07-10 07:25:14.140118,not_executed
198,USDCHF,M15,BUY,0.79813,0.796933784756777,0.8001002368711908,0.75,2025-07-10 07:25:14.224444,not_executed
199,XAGUSD,M15,SELL,36.532,36.79637230182974,36.09656326757454,0.8,2025-07-10 07:25:14.233153,executed
200,XAUUSD,M15,BUY,3316.78,3306.6324187773835,3333.493663190193,0.8,2025-07-10 07:25:14.362472,executed
201,AAP,M15,BUY,60.19,59.32992271382304,61.606597883114986,0.75,2025-07-10 07:25:14.387992,not_executed
202,USDCAD,M15,BUY,1.36988,1.3685930728177307,1.3719996447707965,0.75,2025-07-10 07:25:14.440409,not_executed
203,XAUEUR,M15,BUY,2840.61,2832.4368345817215,2854.0716842183415,0.75,2025-07-10 07:25:14.449516,not_executed
204,ALB,M15,BUY,74.8,73.53661610325969,76.8808675946311,0.75,2025-07-10 07:25:14.509963,not_executed
205,AMAT,M15,BUY,197.68,196.3516770269252,199.8678260732997,0.75,2025-07-10 07:25:14.518737,not_executed
206,SGDJPY,M15,BUY,114.442,114.30925057661929,114.66064610909763,0.75,2025-07-10 07:25:14.648576,not_executed
207,AAL,M15,BUY,12.79,12.453672109061685,13.343951820368988,0.75,2025-07-10 07:40:49.662870,not_executed
208,AG,M15,SELL,8.31,8.427759833503375,8.116042627170913,0.7,2025-07-10 07:40:49.671620,not_executed
209,AGNC,M15,BUY,9.48,9.43885880902742,9.547761961601894,0.7,2025-07-10 07:40:49.725874,not_executed
210,AMPG,M15,BUY,2.38,2.3181598337256464,2.4818543915107,0.75,2025-07-10 07:40:49.769094,not_executed
211,INTC,M5,BUY,23.66,23.497552198783467,23.927561084356647,0.75,2025-07-10 07:40:49.773819,not_executed
212,ACHR,M15,BUY,10.39,10.221070374883757,10.668237029603224,0.8,2025-07-10 07:40:49.796416,not_executed
213,AES,M15,BUY,12.77,12.479645512288574,13.248230920936464,0.8,2025-07-10 07:40:49.832035,not_executed
214,ALC,M15,BUY,88.23,87.75473417405786,89.01279077214001,0.75,2025-07-10 07:40:49.879462,not_executed
215,AI,M15,BUY,26.82,26.317039326543885,27.64840581510419,0.8,2025-07-10 07:40:49.948217,not_executed
216,ALLT,M15,BUY,10.56,10.225687997783718,11.110631533062115,0.75,2025-07-10 07:40:50.085451,not_executed
217,AIRI,M15,BUY,3.82,3.498870749509274,4.348918765514137,0.75,2025-07-10 07:40:50.181418,not_executed
218,AUDSGD,M15,BUY,0.83927,0.8380929381743994,0.8412086900656949,0.75,2025-07-10 07:40:50.198649,not_executed
219,AMPX,M15,BUY,6.42,5.986907827179019,7.133328284646321,0.75,2025-07-10 07:40:50.207081,not_executed
220,AAOI,M15,BUY,27.23,26.461084659978646,28.49644879532929,0.8,2025-07-10 07:40:50.216179,not_executed
221,AUDUSD,M15,BUY,0.65509,0.6538832959563495,0.657077512542483,0.8,2025-07-10 07:40:50.243064,not_executed
222,AMD,M15,BUY,143.75,141.41236266486698,147.60022619904262,0.75,2025-07-10 07:40:50.347756,not_executed
223,AAPL,M15,BUY,211.47,210.33346081208506,213.34194689774222,0.75,2025-07-10 07:40:50.391198,not_executed
224,XAGUSD,M15,BUY,36.606,36.352231116192,37.023972279213176,0.8,2025-07-10 07:40:50.478141,executed
225,AAP,M15,BUY,60.38,59.58276857420219,61.693087054255216,0.75,2025-07-10 07:40:50.633583,not_executed
226,XAUEUR,M15,BUY,2840.51,2832.8257721930477,2853.166375211452,0.75,2025-07-10 07:40:50.694482,not_executed
227,AMAT,M15,BUY,198.06,196.72412897889072,200.2602581524153,0.75,2025-07-10 07:40:50.763799,not_executed
228,SGDJPY,M15,BUY,114.518,114.38019316640339,114.74497596121795,0.75,2025-07-10 07:40:50.893350,not_executed
229,GBPJPY,M5,SELL,198.768,198.9044328859601,198.54328701135984,0.75,2025-07-10 07:40:51.002678,executed
230,AAL,M5,BUY,12.99,12.795003156635408,13.311171271424033,0.75,2025-07-10 07:56:15.411097,not_executed
231,AAL,M15,BUY,12.99,12.66451582785346,13.526091577653125,0.75,2025-07-10 07:56:15.415442,not_executed
232,AGNC,M15,BUY,9.47,9.425882078934878,9.542664811166087,0.8,2025-07-10 07:56:15.477139,not_executed
233,ACB,M15,BUY,4.67,4.607109614494552,4.773584164361915,0.75,2025-07-10 07:56:15.503111,not_executed
234,INTC,M5,BUY,23.88,23.701134196758698,24.17460249945626,0.75,2025-07-10 07:56:15.524507,not_executed
235,INTC,M15,BUY,23.88,23.613654346038935,24.31868695946528,0.75,2025-07-10 07:56:15.529338,not_executed
236,ACHR,M15,BUY,10.41,10.24636765823259,10.679512092322796,0.8,2025-07-10 07:56:15.546316,not_executed
237,AA,M5,BUY,31.62,31.375793746529478,32.02222206453968,0.75,2025-07-10 07:56:15.567610,not_executed
238,AA,M15,BUY,31.62,31.19847999202828,32.314268248424014,0.75,2025-07-10 07:56:15.571943,not_executed
239,AES,M15,BUY,12.79,12.51795944398343,13.238066798144935,0.8,2025-07-10 07:56:15.580774,not_executed
240,ALE,M15,BUY,65.13,64.98123133008417,65.37503075044958,0.75,2025-07-10 07:56:15.589860,not_executed
241,ALC,M5,BUY,88.69,88.38429098160928,89.19352073617294,0.75,2025-07-10 07:56:15.621832,not_executed
242,ALC,M15,BUY,88.69,88.19423628418346,89.50655200252135,0.75,2025-07-10 07:56:15.626290,not_executed
243,HKDJPY,M5,BUY,18.665,18.64733070922087,18.69410236128327,0.8,2025-07-10 07:56:15.647972,not_executed
244,AI,M15,BUY,26.91,26.43360297189359,27.694653928645856,0.8,2025-07-10 07:56:15.697315,not_executed
245,AEHR,M5,BUY,15.12,14.71246255349196,15.791238147189711,0.75,2025-07-10 07:56:15.703956,not_executed
246,AEHR,M15,BUY,15.12,14.4372988916231,16.244448884385477,0.75,2025-07-10 07:56:15.748762,not_executed
247,ALLT,M15,BUY,10.74,10.402662931412554,11.2956139953205,0.75,2025-07-10 07:56:15.891044,not_executed
248,AUDSGD,M15,BUY,0.83971,0.8384938886400352,0.8417130069458244,0.75,2025-07-10 07:56:16.004879,not_executed
249,AMPX,M15,BUY,6.51,6.086600116888484,7.207364513360145,0.75,2025-07-10 07:56:16.013412,not_executed
250,AAOI,M15,BUY,27.15,26.381606705314827,28.41558895595205,0.8,2025-07-10 07:56:16.022257,not_executed
251,AUDUSD,M15,BUY,0.65546,0.6542401098288363,0.657469230870152,0.75,2025-07-10 07:56:16.047921,not_executed
252,USDJPY,M5,BUY,146.521,146.38614282832552,146.74311769452262,0.8,2025-07-10 07:56:16.095024,not_executed
253,AMD,M15,BUY,145.49,143.09065208732918,149.44186715028138,0.75,2025-07-10 07:56:16.150650,not_executed
254,AAPL,M5,BUY,213.13,212.08796341033099,214.84629555945483,0.75,2025-07-10 07:56:16.189951,not_executed
255,AAPL,M15,BUY,213.13,211.77885714825152,215.35541175582102,0.75,2025-07-10 07:56:16.194488,not_executed
256,NZDUSD,M15,SELL,0.60036,0.6014344920929626,0.5985902483174732,0.8,2025-07-10 07:56:16.229868,executed
257,XAGUSD,M5,BUY,36.619,36.481398420348846,36.84563789589602,0.8,2025-07-10 07:56:16.277402,executed
258,XAGUSD,M15,BUY,36.619,36.36508207847751,37.03721775309586,0.8,2025-07-10 07:56:16.282218,executed
259,AAP,M15,BUY,60.88,60.066817208753015,62.21935989146563,0.75,2025-07-10 07:56:16.434571,not_executed
260,ALB,M15,BUY,75.92,74.49199579904098,78.27200691922663,0.75,2025-07-10 07:56:16.557069,not_executed
261,AMAT,M15,BUY,198.83,197.49982733726085,201.02087262098217,0.75,2025-07-10 07:56:16.566211,not_executed
262,SGDJPY,M5,BUY,114.374,114.28971820253258,114.51281707818161,0.7,2025-07-10 07:56:16.690429,not_executed
263,GBPJPY,M5,SELL,198.585,198.7342945413692,198.33910310833312,0.8,2025-07-10 07:56:16.827268,executed
264,AAL,M5,BUY,13.01,12.808401956087305,13.342043837032671,0.75,2025-07-10 08:11:51.881311,not_executed
265,AMPG,M15,BUY,2.4,2.338288941776152,2.5016417429569255,0.75,2025-07-10 08:11:51.990694,not_executed
266,ACHR,M15,BUY,10.47,10.294487526023799,10.759079368901979,0.75,2025-07-10 08:11:52.016558,not_executed
267,AES,M15,BUY,12.73,12.469298184785641,13.159391225058945,0.8,2025-07-10 08:11:52.050877,not_executed
268,HKDJPY,M5,BUY,18.652,18.635352780688866,18.679418949453634,0.8,2025-07-10 08:11:52.116304,not_executed
269,AI,M15,BUY,27.02,26.55272257564111,27.78963340482641,0.75,2025-07-10 08:11:52.163492,not_executed
270,AEHR,M5,BUY,14.93,14.544550705191655,15.564857662037273,0.75,2025-07-10 08:11:52.167810,not_executed
271,AIRI,M15,BUY,3.7199999999999998,3.4062931407425214,4.236693650541729,0.75,2025-07-10 08:11:52.393448,not_executed
272,AUDSGD,M5,BUY,0.84059,0.8399381747348307,0.8416635945543964,0.75,2025-07-10 08:11:52.406406,not_executed
273,AUDSGD,M15,BUY,0.84059,0.8393675479324749,0.8426034504641589,0.75,2025-07-10 08:11:52.410652,not_executed
274,AMPX,M15,BUY,6.67,6.244120101303352,7.371449244912125,0.75,2025-07-10 08:11:52.419557,not_executed
275,AAOI,M15,BUY,27.49,26.746992477939514,28.71377709515844,0.8,2025-07-10 08:11:52.428432,not_executed
276,ABVE,M15,BUY,1.52,1.1715030295635795,2.0939950101305747,0.75,2025-07-10 08:11:52.445520,not_executed
277,AUDUSD,M15,BUY,0.65624,0.6550295351849915,0.6582337067541317,0.75,2025-07-10 08:11:52.454756,not_executed
278,NZDUSD,M15,BUY,0.60111,0.5999951735194324,0.6029461847915232,0.75,2025-07-10 08:11:52.651306,executed
279,XAGUSD,M5,BUY,36.742,36.62422141121178,36.93598826388648,0.75,2025-07-10 08:11:52.698904,executed
280,AAP,M15,BUY,61.26,60.43057491425261,62.62611190593688,0.75,2025-07-10 08:11:52.860253,not_executed
281,USDCAD,M15,BUY,1.3682699999999999,1.3669074384337443,1.370514219050303,0.8,2025-07-10 08:11:52.913292,not_executed
282,SGDJPY,M15,BUY,114.31,114.15810597832076,114.56017838864815,0.8,2025-07-10 08:11:53.117173,not_executed
283,AG,M15,BUY,8.42,8.274904823444865,8.658980290796693,0.75,2025-07-10 08:27:14.387320,not_executed
284,ABSI,M15,BUY,2.8,2.7442941248018204,2.8917508532675895,0.75,2025-07-10 08:27:14.397609,not_executed
285,ACB,M15,BUY,4.72,4.650166184516648,4.83502040197258,0.75,2025-07-10 08:27:14.473421,not_executed
286,INTC,M15,BUY,23.78,23.53034007917295,24.191204575479848,0.75,2025-07-10 08:27:14.501428,not_executed
287,AMC,M15,BUY,2.9699999999999998,2.922346688468864,3.048487807227753,0.75,2025-07-10 08:27:14.511308,not_executed
288,ACHR,M15,BUY,10.5,10.322955855887292,10.791602119715048,0.75,2025-07-10 08:27:14.521595,not_executed
289,AA,M15,BUY,31.88,31.429809416234573,32.6214903732607,0.75,2025-07-10 08:27:14.549419,not_executed
290,AES,M15,BUY,12.69,12.445925093480888,13.092005728384418,0.8,2025-07-10 08:27:14.558493,not_executed
291,ALC,M5,BUY,89.21,88.92587203523223,89.6779754713822,0.75,2025-07-10 08:27:14.599370,not_executed
292,ALC,M15,BUY,89.21,88.67226043863855,90.09568868930121,0.75,2025-07-10 08:27:14.603811,not_executed
293,AI,M5,BUY,26.97,26.749419127187398,27.33330967286781,0.7,2025-07-10 08:27:14.671940,not_executed
294,ALLT,M15,BUY,10.7,10.3769198610758,11.232131993522211,0.75,2025-07-10 08:27:14.822197,not_executed
295,AIRI,M15,BUY,3.83,3.526387388643519,4.330067830469499,0.75,2025-07-10 08:27:14.924169,not_executed
296,ABVE,M15,BUY,1.71,1.3165470700662134,2.3580401198909424,0.75,2025-07-10 08:27:14.977962,not_executed
297,AAPL,M15,BUY,212.66,211.17151907283483,215.1116156447426,0.75,2025-07-10 08:27:15.144093,not_executed
298,XAGUSD,M15,BUY,36.783,36.55125376857496,37.164699675288304,0.75,2025-07-10 08:27:15.236887,executed
299,XAUUSD,M15,BUY,3320.94,3311.7661613359837,3336.0498519172033,0.75,2025-07-10 08:27:15.375602,executed
300,AAP,M15,BUY,61.68,60.81957381457448,63.09717254070085,0.75,2025-07-10 08:27:15.404611,not_executed
301,USDCAD,M15,BUY,1.36837,1.3670848466425787,1.3704867231769295,0.8,2025-07-10 08:27:15.460243,not_executed
302,ALB,M15,BUY,76.19,74.80674588165004,78.4683009008117,0.75,2025-07-10 08:27:15.600650,not_executed
303,AMAT,M15,BUY,198.46,197.17876808887593,200.57026432420437,0.75,2025-07-10 08:27:15.609315,not_executed
304,SGDJPY,M15,BUY,114.32,114.17487940343355,114.55902215905061,0.8,2025-07-10 08:27:15.750109,not_executed
305,AG,M15,BUY,8.44,8.30065084698555,8.6695162520238,0.75,2025-07-10 08:42:40.103499,not_executed
306,ABSI,M15,BUY,2.79,2.737188241494911,2.8769840728319114,0.8,2025-07-10 08:42:40.113119,not_executed
307,AMPG,M15,BUY,2.38,2.306025027378532,2.501841131376535,0.75,2025-07-10 08:42:40.200471,not_executed
308,INTC,M5,BUY,23.84,23.70331046999076,24.065135696485807,0.75,2025-07-10 08:42:40.205216,not_executed
309,INTC,M15,BUY,23.84,23.596428068616557,24.241177298749204,0.75,2025-07-10 08:42:40.209386,not_executed
310,AES,M15,BUY,12.69,12.441143969905658,13.099880520155384,0.8,2025-07-10 08:42:40.262766,not_executed
311,HKDJPY,M5,BUY,18.661,18.646263050049555,18.685272623447794,0.8,2025-07-10 08:42:40.329059,not_executed
312,HKDJPY,M15,BUY,18.661,18.631629321355465,18.709375235414534,0.75,2025-07-10 08:42:40.333288,not_executed
313,AI,M5,BUY,26.86,26.66302548812762,27.1844286077898,0.7,2025-07-10 08:42:40.371708,not_executed
314,AI,M15,BUY,26.86,26.419977993851912,27.584742127773318,0.8,2025-07-10 08:42:40.375871,not_executed
315,AEHR,M5,BUY,15.04,14.771197338382112,15.48273379560593,0.75,2025-07-10 08:42:40.380373,not_executed
316,AEHR,M15,BUY,15.04,14.473348720463,15.973307989825647,0.75,2025-07-10 08:42:40.385221,not_executed
317,NOKJPY,M15,BUY,14.51,14.485768656571233,14.54991044800032,0.75,2025-07-10 08:42:40.546044,not_executed
318,AIRI,M15,BUY,3.93,3.628335736824383,4.426858786406899,0.75,2025-07-10 08:42:40.605148,not_executed
319,AUDSGD,M5,BUY,0.84108,0.8405040661596638,0.842028596913495,0.75,2025-07-10 08:42:40.617980,not_executed
320,AUDSGD,M15,BUY,0.84108,0.8399564225211331,0.8429305982004869,0.75,2025-07-10 08:42:40.622283,not_executed
321,AAOI,M5,BUY,27.65,27.265855219985472,28.282709049435688,0.75,2025-07-10 08:42:40.635346,not_executed
322,AAOI,M15,BUY,27.65,26.904541016763456,28.877814795919008,0.75,2025-07-10 08:42:40.639520,not_executed
323,AUDUSD,M15,BUY,0.65672,0.655607199316727,0.6585528481842144,0.75,2025-07-10 08:42:40.665669,not_executed
324,USDJPY,M5,BUY,146.498,146.38335202373702,146.6868319609037,0.8,2025-07-10 08:42:40.714186,not_executed
325,USDJPY,M15,BUY,146.498,146.26961210534787,146.87416829707408,0.75,2025-07-10 08:42:40.718526,not_executed
326,AMD,M5,BUY,143.79,142.66551173738833,145.64209831488978,0.75,2025-07-10 08:42:40.766065,not_executed
327,AMD,M15,BUY,143.79,141.57812404025546,147.4330898160498,0.75,2025-07-10 08:42:40.770316,not_executed
328,AAPL,M15,BUY,213.03,211.61576986312352,215.3593202254436,0.75,2025-07-10 08:42:40.813099,not_executed
329,NZDUSD,M15,BUY,0.60136,0.6003171101842255,0.6030777008730404,0.75,2025-07-10 08:42:40.847424,executed
330,USDCHF,M15,BUY,0.79716,0.7960190348332484,0.7990392367452379,0.75,2025-07-10 08:42:40.889653,not_executed
331,USDCAD,M15,BUY,1.36812,1.366856600423568,1.3702008934200056,0.8,2025-07-10 08:42:41.105510,not_executed
332,ALB,M15,BUY,76.12,74.81464643076337,78.2699941140368,0.75,2025-07-10 08:42:41.175413,not_executed
333,AMAT,M15,BUY,199.29,197.99826567702578,201.41756241431045,0.75,2025-07-10 08:42:41.184526,not_executed
334,SGDJPY,M15,BUY,114.385,114.23950881630908,114.62463253784388,0.75,2025-07-10 08:42:41.312309,not_executed
335,MSFT,M15,BUY,500.46,498.29324464751176,504.0287735217453,0.8,2025-07-10 08:42:41.533115,not_executed
336,NVDA,M5,BUY,162.75,162.0826161716809,163.8492204231138,0.75,2025-07-10 08:58:13.073373,not_executed
337,ABSI,M15,BUY,2.79,2.7396964759622566,2.8728528631209898,0.8,2025-07-10 08:58:13.103727,not_executed
338,AFCG,M15,SELL,4.62,4.663495022755495,4.548361138990949,0.8,2025-07-10 08:58:13.180790,not_executed
339,ACHR,M15,BUY,10.53,10.359766250273863,10.810384999548932,0.75,2025-07-10 08:58:13.215758,not_executed
340,AA,M5,BUY,31.84,31.653041170786526,32.14793218929278,0.75,2025-07-10 08:58:13.238321,not_executed
341,AA,M15,BUY,31.84,31.44035462819397,32.49823943591581,0.75,2025-07-10 08:58:13.243138,not_executed
342,AES,M15,BUY,12.7,12.463924773918237,13.088829784134665,0.8,2025-07-10 08:58:13.252443,not_executed
343,ALC,M5,BUY,89.14,88.86004366655098,89.60110454921015,0.75,2025-07-10 08:58:13.293083,not_executed
344,HKDJPY,M5,BUY,18.656,18.642309665469295,18.678548786285866,0.8,2025-07-10 08:58:13.319993,not_executed
345,AI,M15,BUY,27.01,26.58784759467166,27.70530984407021,0.75,2025-07-10 08:58:13.367907,not_executed
346,AUDSGD,M5,BUY,0.84133,0.8408246855563797,0.8421622826130217,0.75,2025-07-10 08:58:13.615105,not_executed
347,AUDSGD,M15,BUY,0.84133,0.8402823395183153,0.8430555584404219,0.75,2025-07-10 08:58:13.619371,not_executed
348,AAOI,M15,BUY,27.9,27.194397770083885,29.062168378685364,0.75,2025-07-10 08:58:13.636441,not_executed
349,AUDUSD,M15,BUY,0.65703,0.6559732438522744,0.6587705395374304,0.75,2025-07-10 08:58:13.662552,not_executed
350,USDJPY,M5,BUY,146.455,146.34945564725442,146.62883775746334,0.8,2025-07-10 08:58:13.710337,not_executed
351,AMD,M5,BUY,144.14,143.17762519122235,145.7250879203396,0.75,2025-07-10 08:58:13.762370,not_executed
352,GBPUSD,M5,SELL,1.35684,1.3577853692710231,1.3552829212006678,0.75,2025-07-10 08:58:13.771187,not_executed
353,AAPL,M5,BUY,212.96,212.16659202190203,214.2667896109849,0.75,2025-07-10 08:58:13.806053,not_executed
354,NZDUSD,M15,BUY,0.60182,0.6007927043818844,0.6035120163121905,0.75,2025-07-10 08:58:13.846607,executed
355,XAGUSD,M15,BUY,36.845,36.64404411950741,37.17598615610543,0.75,2025-07-10 08:58:13.897459,executed
356,AAP,M15,BUY,61.26,60.388115442947054,62.69604515279308,0.75,2025-07-10 08:58:14.056339,not_executed
357,USDCAD,M15,BUY,1.36818,1.3669525292559812,1.3702017165195604,0.7,2025-07-10 08:58:14.109531,not_executed
358,ANET,M15,BUY,104.57,103.28434227172133,106.68755390540014,0.8,2025-07-10 08:58:14.302077,not_executed
359,NVDA,M5,BUY,163.09,162.493248393832,164.07288499839436,0.75,2025-07-10 09:13:40.557493,not_executed
360,AAL,M15,BUY,12.93,12.657184092099241,13.379343848307132,0.75,2025-07-10 09:13:40.570787,not_executed
361,ABSI,M15,BUY,2.77,2.721870279167289,2.8492724813715244,0.8,2025-07-10 09:13:40.589596,not_executed
362,AFCG,M15,BUY,4.63,4.5900376469452375,4.695820346207844,0.7,2025-07-10 09:13:40.668451,not_executed
363,ACHR,M15,BUY,10.57,10.406597416904015,10.83913366627574,0.75,2025-07-10 09:13:40.703739,not_executed
364,ALE,M15,BUY,65.03,64.88714431241607,65.2652917207265,0.75,2025-07-10 09:13:40.746827,not_executed
365,HKDJPY,M5,BUY,18.652,18.639391921492162,18.67276624695409,0.8,2025-07-10 09:13:40.805894,not_executed
366,AI,M15,BUY,27.03,26.641467915382105,27.66993519819418,0.75,2025-07-10 09:13:40.854687,not_executed
367,AUDSGD,M15,BUY,0.84138,0.8403790942492066,0.8430285506483657,0.75,2025-07-10 09:13:41.108048,not_executed
368,AAOI,M15,BUY,28.27,27.50132251185048,29.536057039305092,0.75,2025-07-10 09:13:41.126980,not_executed
369,AUDUSD,M15,BUY,0.6571,0.6560708113386379,0.658795134265773,0.75,2025-07-10 09:13:41.152958,not_executed
370,USDJPY,M5,BUY,146.422,146.3250166094868,146.58173734908058,0.8,2025-07-10 09:13:41.201204,not_executed
371,NZDUSD,M15,BUY,0.60196,0.6009608771309665,0.6036056141372318,0.75,2025-07-10 09:13:41.336107,executed
372,AMZN,M15,BUY,221.93,220.70525163700646,223.94723259787173,0.75,2025-07-10 09:13:41.397718,not_executed
373,ALAB,M5,BUY,96.36,95.1833602951042,98.29799480806368,0.75,2025-07-10 09:13:41.611808,not_executed
374,ALAB,M15,BUY,96.36,93.7804969426436,100.60859327093996,0.75,2025-07-10 09:13:41.639766,not_executed
375,AAON,M15,BUY,76.59,75.39843035667896,78.55258529488174,0.75,2025-07-10 09:13:41.759453,not_executed
376,ANET,M15,BUY,105.07,103.82429663549182,107.12174671801345,0.75,2025-07-10 09:13:41.846799,not_executed
377,MSFT,M15,BUY,500.28,498.4102545722792,503.35958070448123,0.8,2025-07-10 09:13:42.175944,not_executed
378,USDJPY,M15,BUY,146.408,146.23774901008375,146.68841339515615,0.7,2025-07-10 10:07:53.670277,not_executed
379,AUDUSD,M15,BUY,0.65748,0.6565889972058595,0.6589475340138783,0.75,2025-07-10 10:07:53.713557,not_executed
380,USDCHF,M5,BUY,0.79734,0.7969094035621874,0.7980492176622795,0.7,2025-07-10 10:07:53.791003,not_executed
381,NZDUSD,M5,BUY,0.60224,0.6018726658987681,0.6028450208726173,0.75,2025-07-10 10:07:53.821887,not_executed
382,NZDUSD,M15,BUY,0.60224,0.6014116078503154,0.6036044105994804,0.75,2025-07-10 10:07:53.826309,not_executed
383,USDJPY,M15,BUY,146.405,146.24428736429482,146.6697031646909,0.7,2025-07-10 10:15:20.281539,not_executed
384,USDCHF,M5,BUY,0.79737,0.7969745143793023,0.7980213880811492,0.8,2025-07-10 10:15:20.303928,not_executed
385,NZDUSD,M15,BUY,0.60224,0.6015096690258289,0.6034428980751052,0.75,2025-07-10 10:15:20.316959,not_executed
386,AUDCAD,M15,BUY,0.89921,0.89847431454401,0.9004217172216304,0.75,2025-07-10 10:15:20.352011,not_executed
387,CADJPY,M15,BUY,107.042,106.9322943357617,107.22269168227487,0.75,2025-07-10 10:15:20.361171,not_executed
388,GBPUSD,M5,SELL,1.35689,1.3575889264808363,1.35573882697274,0.75,2025-07-10 10:19:24.540067,not_executed
389,USDJPY,M15,BUY,146.379,146.21262069762813,146.65303649802422,0.7,2025-07-10 10:19:24.600827,not_executed
390,AUDUSD,M5,BUY,0.65764,0.6572552488499989,0.6582737077764725,0.75,2025-07-10 10:19:24.678556,not_executed
391,AUDUSD,M15,BUY,0.65764,0.6568058420228561,0.6590139072564724,0.75,2025-07-10 10:19:24.694616,not_executed
392,USDCHF,M5,BUY,0.7972,0.7967727810459689,0.7979036547478159,0.8,2025-07-10 10:19:24.724549,not_executed
393,NZDUSD,M5,BUY,0.60238,0.602030953497297,0.6029549001220992,0.75,2025-07-10 10:19:24.755475,not_executed
394,NZDUSD,M15,BUY,0.60238,0.6016066023591623,0.6036538314084385,0.75,2025-07-10 10:19:24.759946,not_executed
395,AUDCAD,M15,BUY,0.89926,0.89849031454401,0.9005277172216305,0.75,2025-07-10 10:19:24.895747,not_executed
396,USDJPY,M15,BUY,146.421,146.26592460461106,146.67641829828767,0.7,2025-07-10 10:31:12.791345,error
397,USDCHF,M15,BUY,0.79746,0.7966650217340808,0.7987693759673962,0.75,2025-07-10 10:31:12.869080,error
398,CADJPY,M15,BUY,107.06,106.95425331321569,107.2341710135271,0.75,2025-07-10 10:31:13.070549,error
399,GBPUSD,M5,SELL,1.35632,1.3570040596973028,1.3551933134397365,0.7,2025-07-10 10:33:19.037588,not_executed
400,USDCHF,M15,BUY,0.79754,0.7967359550674142,0.7988643093007296,0.75,2025-07-10 10:33:19.062118,not_executed
401,CADJPY,M15,BUY,107.054,106.94802664654902,107.22854434686045,0.75,2025-07-10 10:33:19.123811,not_executed
402,USDJPY,M15,BUY,146.424,146.26892460461107,146.6794182982877,0.7,2025-07-10 10:33:19.133437,not_executed
403,AUDUSD,M5,BUY,0.65742,0.6571095410252803,0.657931344193656,0.75,2025-07-10 10:35:54.831923,not_executed
404,NZDUSD,M5,BUY,0.6021,0.6017964135276306,0.6026000247780202,0.75,2025-07-10 10:35:54.840818,not_executed
405,USDCHF,M15,BUY,0.79761,0.7967764884007476,0.7989828426340629,0.75,2025-07-10 10:35:54.853738,not_executed
406,USDCAD,M5,SELL,1.36785,1.3683158837078921,1.3670826621281775,0.8,2025-07-10 10:35:54.858320,not_executed
407,CADJPY,M15,BUY,107.059,106.95234664654902,107.23466434686044,0.75,2025-07-10 10:35:54.905881,not_executed
408,USDJPY,M15,BUY,146.389,146.2262179379444,146.657111631621,0.7,2025-07-10 10:38:06.142521,not_executed
409,NZDUSD,M5,BUY,0.6023,0.6019510801942972,0.6028746914446869,0.75,2025-07-10 10:38:06.156201,not_executed
410,NZDUSD,M15,BUY,0.6023,0.6015547709334962,0.6035274361095356,0.75,2025-07-10 10:38:06.160971,not_executed
411,USDCHF,M5,BUY,0.79737,0.7969271830015588,0.7980993456444913,0.7,2025-07-10 10:38:06.166339,not_executed
412,AUDCAD,M15,BUY,0.8992,0.8984637303825865,0.9004126793698575,0.75,2025-07-10 10:38:06.207378,not_executed
413,AUDUSD,M5,BUY,0.6576,0.6572487410252803,0.6581785441936558,0.75,2025-07-10 10:38:06.240059,not_executed
414,AUDUSD,M15,BUY,0.6576,0.6568102719753641,0.6589007285111649,0.75,2025-07-10 10:38:06.244969,not_executed
415,USDJPY,M15,BUY,146.369,146.2198377684407,146.61467896962708,0.7,2025-07-10 10:44:57.441288,not_executed
416,AUDUSD,M5,BUY,0.65752,0.6572176623700995,0.6580179678610126,0.75,2025-07-10 10:44:57.446045,not_executed
417,NZDUSD,M15,BUY,0.60223,0.6014621042668296,0.6034947694428691,0.75,2025-07-10 10:44:57.478200,not_executed
418,CADJPY,M5,BUY,107.021,106.9775050923404,107.09263867143935,0.7,2025-07-10 10:44:57.519183,not_executed
419,CADJPY,M15,BUY,107.021,106.9214648714536,107.18494021172349,0.75,2025-07-10 10:44:57.523657,not_executed
420,USDJPY,M15,BUY,146.343,146.1781977684407,146.61443896962706,0.8,2025-07-10 10:55:57.482631,not_executed
421,USDCAD,M5,SELL,1.36789,1.368306320525059,1.3672042956057853,0.8,2025-07-10 10:55:57.487456,not_executed
422,AUDUSD,M15,BUY,0.65763,0.6568651779342045,0.6588897069318985,0.75,2025-07-10 10:55:57.500679,not_executed
423,NZDUSD,M5,BUY,0.60236,0.6020435925642007,0.6028811416589637,0.75,2025-07-10 10:55:57.505694,not_executed
424,NZDUSD,M15,BUY,0.60236,0.6016332903645856,0.6035569335171531,0.75,2025-07-10 10:55:57.510313,not_executed
425,AUDCAD,M15,BUY,0.89938,0.8986439796649083,0.9005922687872099,0.75,2025-07-10 10:55:57.546236,not_executed
426,CADJPY,M15,BUY,106.994,106.8856248714536,107.17250021172349,0.8,2025-07-10 10:55:57.555691,not_executed
427,USDJPY,M15,BUY,146.325,146.1799047326486,146.56398044034347,0.8,2025-07-10 11:00:53.234784,not_executed
428,NZDUSD,M5,BUY,0.60234,0.6020452291111961,0.602825504993324,0.75,2025-07-10 11:00:53.250740,not_executed
429,NZDUSD,M15,BUY,0.60234,0.6017033849826409,0.6033885423815327,0.75,2025-07-10 11:00:53.255709,not_executed
430,CADJPY,M15,BUY,107.003,106.90544822192645,107.16367351682703,0.7,2025-07-10 11:00:53.321946,not_executed
431,GBPUSD,M5,SELL,1.35733,1.3579645587981126,1.3562848443325202,0.75,2025-07-10 11:05:35.515541,not_executed
432,AUDUSD,M5,BUY,0.65777,0.6574563823648213,0.6582865466932355,0.75,2025-07-10 11:05:35.525281,not_executed
433,AUDUSD,M15,BUY,0.65777,0.6570436875429772,0.6589662793409786,0.75,2025-07-10 11:05:35.529843,not_executed
434,NZDUSD,M5,BUY,0.60252,0.6022090741185921,0.6030321132164363,0.75,2025-07-10 11:05:35.566349,not_executed
435,NZDUSD,M15,BUY,0.60252,0.6018312516493075,0.6036544090481993,0.75,2025-07-10 11:05:35.572620,not_executed
436,AUDCAD,M15,BUY,0.8993,0.8985986490429205,0.9004551662822485,0.75,2025-07-10 11:05:35.615812,not_executed
437,CADJPY,M15,SELL,106.975,107.08048511140687,106.8012598165063,0.8,2025-07-10 11:05:35.624640,not_executed
438,NZDUSD,M5,BUY,0.60255,0.6022390741185922,0.6030621132164364,0.75,2025-07-10 11:08:03.856886,executed
439,NZDUSD,M15,BUY,0.60255,0.6018612516493076,0.6036844090481994,0.75,2025-07-10 11:08:03.863388,executed
440,AUDCAD,M15,BUY,0.89924,0.8985386490429206,0.9003951662822486,0.75,2025-07-10 11:08:03.902414,executed
441,CADJPY,M15,SELL,106.973,107.07848511140688,106.79925981650631,0.8,2025-07-10 11:08:03.912410,executed
442,EURUSD,M5,SELL,1.16933,1.1698694036872048,1.1684415703975448,0.75,2025-07-10 11:08:03.918638,executed
443,GBPUSD,M5,SELL,1.35733,1.3579872254647793,1.356247510999187,0.75,2025-07-10 11:08:03.931130,executed
444,AUDUSD,M5,BUY,0.65778,0.6574573156981547,0.6583114800265689,0.75,2025-07-10 11:08:03.944571,executed
445,AUDUSD,M15,BUY,0.65778,0.6570536875429772,0.6589762793409787,0.75,2025-07-10 11:08:03.949901,executed
446,NZDUSD,M15,BUY,0.60271,0.6020255914293998,0.6038372611751062,0.75,2025-07-10 11:23:24.325686,executed
447,AUDCAD,M15,BUY,0.89972,0.8989773713927532,0.9009431530001709,0.75,2025-07-10 11:23:24.361144,executed
448,CADJPY,M15,SELL,106.958,107.05582754099709,106.79687228541657,0.8,2025-07-10 11:23:24.370275,executed
449,AUDUSD,M5,BUY,0.65808,0.6577293117399049,0.6586576041930978,0.75,2025-07-10 11:23:24.392618,executed
450,AUDUSD,M15,BUY,0.65808,0.6573379514261358,0.6593021976510705,0.75,2025-07-10 11:23:24.397131,executed
451,USDCHF,M15,BUY,0.79718,0.7963857926567236,0.7984881062124551,0.75,2025-07-10 11:23:24.405944,executed
452,CADJPY,M15,BUY,106.991,106.89562324224698,107.14809113041674,0.7,2025-07-10 11:38:42.218945,executed
453,EURUSD,M5,SELL,1.16886,1.1693576889499362,1.1680402770236344,0.8,2025-07-10 11:38:42.223519,executed
454,USDCHF,M5,BUY,0.7972,0.79684096722207,0.7977913481048259,0.8,2025-07-10 11:38:42.250207,executed
455,AUDUSD,M5,BUY,0.65826,0.6579420213041574,0.6587837296166819,0.75,2025-07-10 11:47:56.477820,executed
456,AUDUSD,M15,BUY,0.65826,0.6576030870711864,0.6593419742356929,0.75,2025-07-10 11:47:56.483242,executed
457,NZDUSD,M5,BUY,0.60283,0.6025169716873652,0.6033455760443396,0.75,2025-07-10 11:47:56.497437,executed
458,NZDUSD,M15,BUY,0.60283,0.6022163508958602,0.6038407161715241,0.75,2025-07-10 11:47:56.502661,executed
459,USDCHF,M5,BUY,0.79726,0.7969251976023548,0.7978114392431802,0.7,2025-07-10 11:47:56.507346,executed
460,AUDCAD,M15,BUY,0.89968,0.8990035207350014,0.9007942011423506,0.75,2025-07-10 11:47:56.539738,executed
461,CADJPY,M15,BUY,106.995,106.90362103216961,107.14550653525008,0.7,2025-07-10 11:47:56.549430,executed
462,AUDUSD,M5,BUY,0.65843,0.6581145629250076,0.6589495434176346,0.75,2025-07-10 12:03:14.302582,executed
463,AUDUSD,M15,BUY,0.65843,0.6577910132394726,0.6594824487820449,0.75,2025-07-10 12:03:14.307114,executed
464,NZDUSD,M5,BUY,0.60293,0.6026007548831036,0.6034722860748881,0.75,2025-07-10 12:03:14.321599,executed
465,NZDUSD,M15,BUY,0.60293,0.6023144552208567,0.6039438384597654,0.75,2025-07-10 12:03:14.326079,executed
466,USDCHF,M5,BUY,0.79713,0.7967831199799625,0.7977013317977087,0.8,2025-07-10 12:03:14.330869,executed
467,AUDCAD,M15,BUY,0.89996,0.8992646157481122,0.9011053387678151,0.75,2025-07-10 12:03:14.362287,executed
468,CADJPY,M15,BUY,106.987,106.89234622788032,107.14290033055005,0.7,2025-07-10 12:03:14.371842,executed
469,GBPUSD,M5,SELL,1.35764,1.358165477804853,1.356774507144948,0.75,2025-07-10 12:03:14.394315,executed
470,GBPUSD,M5,BUY,1.35843,1.3580214135211355,1.3591029659651888,0.75,2025-07-10 15:34:27.482952,executed
471,GBPUSD,M15,SELL,1.35843,1.3593241224311234,1.3569573277605027,0.75,2025-07-10 15:34:27.487166,executed
472,AUDUSD,M5,BUY,0.65925,0.6589530129999513,0.6597391550589037,0.75,2025-07-10 15:34:27.510740,executed
473,AUDUSD,M15,BUY,0.65925,0.658609906391503,0.6603042718257599,0.75,2025-07-10 15:34:27.515046,executed
474,USDCHF,M15,BUY,0.79649,0.7959695688651549,0.7973471806926862,0.8,2025-07-10 15:34:27.533020,executed
475,AUDCAD,M15,BUY,0.90006,0.8992277160708181,0.9014308205892407,0.75,2025-07-10 15:34:27.567021,executed
476,EURUSD,M5,BUY,1.17055,1.1703333293020757,1.1709068693848166,0.75,2025-07-10 15:34:27.581121,executed
477,EURUSD,M15,SELL,1.17055,1.1710510032736001,1.1697248181375997,0.75,2025-07-10 15:34:27.585537,executed
478,GBPUSD,M5,BUY,1.35846,1.3580763417114305,1.3590919077694084,0.75,2025-07-10 15:43:16.085271,executed
479,GBPUSD,M15,SELL,1.35846,1.35939038909779,1.3569275944271695,0.75,2025-07-10 15:43:16.089781,executed
480,AUDUSD,M5,BUY,0.65933,0.6590504142088522,0.6597904942442432,0.75,2025-07-10 15:43:16.102886,executed
481,AUDUSD,M15,BUY,0.65933,0.6586491063915029,0.6604514718257598,0.75,2025-07-10 15:43:16.107266,executed
482,NZDUSD,M5,BUY,0.604,0.6037596581292891,0.6043958571988178,0.75,2025-07-10 15:43:16.120696,executed
483,NZDUSD,M15,BUY,0.604,0.6034661733007027,0.6048792439753131,0.75,2025-07-10 15:43:16.125028,executed
484,USDCHF,M15,BUY,0.79643,0.7958891688651548,0.7973207806926861,0.8,2025-07-10 15:43:16.133760,executed
485,GBPJPY,M5,SELL,198.577,198.6528507433724,198.45206936385725,0.75,2025-07-10 15:43:16.146898,executed
486,AUDCAD,M15,BUY,0.90018,0.8992933160708181,0.9016404205892408,0.75,2025-07-10 15:43:16.159908,executed
487,CADJPY,M5,BUY,107.055,107.00914523512034,107.13052549509592,0.7,2025-07-10 15:43:16.172898,executed
488,EURUSD,M5,BUY,1.17056,1.170312936231337,1.1709669285601512,0.75,2025-07-10 15:43:16.181788,executed
489,EURUSD,M15,SELL,1.17056,1.1710927366069335,1.1696825514709333,0.75,2025-07-10 15:43:16.186263,executed
490,USDCHF,M5,BUY,0.79654,0.7963578035172685,0.796840088324499,0.8,2025-07-10 16:17:08.473358,executed
491,USDCHF,M15,BUY,0.79654,0.7961176722953319,0.7972355985723945,0.8,2025-07-10 16:17:08.478930,executed
492,CADJPY,M5,BUY,107.051,107.00682702179742,107.12375549351015,0.8,2025-07-10 16:17:08.657408,executed
493,EURUSD,M15,SELL,1.17054,1.1710165055779058,1.169755167283449,0.75,2025-07-10 16:28:35.289932,executed
494,AUDUSD,M5,BUY,0.65936,0.6591284999978156,0.6597412941212447,0.75,2025-07-10 16:28:35.335531,executed
495,AUDUSD,M15,BUY,0.65936,0.6587913009606317,0.6602966807707242,0.75,2025-07-10 16:28:35.340090,executed
496,USDCHF,M5,BUY,0.79647,0.7962751033826002,0.7967910061933644,0.7,2025-07-10 16:28:35.382448,executed
497,USDCHF,M15,BUY,0.79647,0.7960182056286653,0.7972141319057278,0.8,2025-07-10 16:28:35.386743,executed
498,NZDUSD,M5,BUY,0.60424,0.6039952865466153,0.6046430574526336,0.75,2025-07-10 16:28:35.442822,executed
499,NZDUSD,M15,BUY,0.60424,0.6037285430345611,0.6050823997077817,0.75,2025-07-10 16:28:35.447128,executed
500,EURUSD,M5,SELL,1.17017,1.1704283919604508,1.1697444132416102,0.8,2025-07-10 16:43:55.550922,executed
501,GBPUSD,M5,BUY,1.35819,1.357935464365695,1.3586092351623849,0.8,2025-07-10 16:43:55.559415,executed
502,USDCHF,M15,BUY,0.7966,0.7961631115448432,0.7973195809849641,0.8,2025-07-10 16:43:55.594241,executed
503,CADJPY,M5,BUY,107.048,107.00994599805222,107.11067717967872,0.7,2025-07-10 16:43:55.663204,executed
504,EURUSD,M5,SELL,1.17013,1.170455469966551,1.1695939318197979,0.8,2025-07-10 16:59:14.579751,executed
505,GBPUSD,M5,SELL,1.35796,1.3583446532706869,1.3573264534365157,0.8,2025-07-10 16:59:14.590138,executed
506,AUDUSD,M15,BUY,0.65936,0.6588181504993188,0.6602524580011218,0.75,2025-07-10 16:59:14.604126,executed
507,USDJPY,M5,SELL,146.277,146.34023668043045,146.1728454675263,0.75,2025-07-10 16:59:14.609349,executed
508,USDCHF,M5,BUY,0.79676,0.7965445622170043,0.7971148387014046,0.75,2025-07-10 16:59:14.618388,executed
509,USDCHF,M15,BUY,0.79676,0.7963020300055308,0.7975143035203023,0.75,2025-07-10 16:59:14.623447,executed
510,GBPJPY,M5,SELL,198.638,198.71625214608324,198.50911411233352,0.75,2025-07-10 16:59:14.657821,executed
511,AUDCAD,M15,BUY,0.90034,0.8996625453140836,0.90145580771798,0.75,2025-07-10 16:59:14.673601,executed
512,CADJPY,M5,BUY,107.115,107.07300360228761,107.18417053740863,0.75,2025-07-10 16:59:14.693080,executed
513,AUDUSD,M15,BUY,0.65841,0.6577069304327431,0.6595679969343056,0.8,2025-07-10 17:14:43.525851,executed
514,USDJPY,M5,BUY,146.331,146.25106619647238,146.4626556763984,0.75,2025-07-10 17:14:43.531625,executed
515,USDJPY,M15,BUY,146.331,146.21147473899984,146.52786513576496,0.75,2025-07-10 17:14:43.536716,executed
516,USDCHF,M15,BUY,0.7971,0.7965149593381268,0.7980635963842619,0.75,2025-07-10 17:14:43.546739,executed
517,USDCAD,M5,SELL,1.36662,1.3671188372466507,1.3657983857113984,0.75,2025-07-10 17:14:43.552119,executed
518,NZDUSD,M15,BUY,0.60322,0.6025642770509425,0.6043000142690359,0.8,2025-07-10 17:14:43.568423,executed
519,GBPJPY,M5,SELL,198.571,198.68239175257625,198.38753123105087,0.8,2025-07-10 17:14:43.585402,executed
520,CADJPY,M5,BUY,107.073,107.01224418199284,107.17306840612942,0.75,2025-07-10 17:14:43.617103,executed
521,USDJPY,M5,BUY,146.394,146.29571663086318,146.55587849034302,0.75,2025-07-10 17:30:09.197385,executed
522,USDJPY,M15,BUY,146.394,146.26927124840432,146.59943559086346,0.75,2025-07-10 17:30:09.202450,executed
523,AUDCAD,M5,BUY,0.90005,0.8992282703379142,0.9014034370904944,0.8,2025-07-10 17:30:09.255232,pending
524,USDJPY,M5,BUY,146.752,146.62212729900008,146.96590797811754,0.75,2025-07-10 18:40:12.416242,executed
525,USDCAD,M5,BUY,1.36849,1.3669802049110953,1.3709767213229018,0.8,2025-07-10 18:40:12.462494,executed
526,AUDUSD,M15,BUY,0.65894,0.6572058571348928,0.6617962353072354,0.75,2025-07-10 18:40:12.498280,executed
527,NZDUSD,M15,BUY,0.60318,0.6017488009541165,0.6055372690167494,0.75,2025-07-10 18:40:12.557402,executed
528,GBPJPY,M5,BUY,199.081,198.91415436852049,199.35580456949563,0.75,2025-07-10 18:40:12.584327,executed
529,GBPJPY,M15,BUY,199.082,198.78685048164178,199.56812861847234,0.75,2025-07-10 18:40:12.600142,executed
530,CADCHF,M5,BUY,0.58269,0.582141894911194,0.5835927613227395,0.75,2025-07-10 18:40:12.647091,executed
531,CADCHF,M15,BUY,0.58269,0.581626569358368,0.5844415328215117,0.7,2025-07-10 18:40:12.660705,executed
532,AUDCAD,M15,BUY,0.90167,0.8999120187865023,0.9045654984692902,0.75,2025-07-10 18:40:12.682920,executed
533,CADJPY,M5,BUY,107.236,107.10009227674722,107.4598480147693,0.75,2025-07-10 18:40:12.708244,executed
534,CADJPY,M15,BUY,107.236,106.98407662115953,107.65093262397255,0.75,2025-07-10 18:40:12.723471,executed
535,USDJPY,M5,BUY,146.752,146.62948352668738,146.95379183839728,0.75,2025-07-10 18:55:40.528847,executed
536,USDJPY,M15,BUY,146.752,146.5439403768895,147.09468643806437,0.75,2025-07-10 18:55:40.533919,executed
537,USDCAD,M5,BUY,1.36952,1.3681439613401511,1.371786416616222,0.75,2025-07-10 18:55:40.538952,executed
538,USDCAD,M15,BUY,1.36952,1.3669148227317036,1.373810880206606,0.75,2025-07-10 18:55:40.544000,executed
539,USDCHF,M15,BUY,0.79767,0.7969589980518819,0.7988410620321945,0.75,2025-07-10 18:55:40.562100,executed
540,GBPJPY,M5,BUY,198.992,198.84046142448577,199.24159294790576,0.75,2025-07-10 18:55:40.576302,executed
541,CADCHF,M5,BUY,0.58242,0.5819670414774992,0.5831660493311779,0.7,2025-07-10 18:55:40.594155,executed
542,CADJPY,M5,BUY,107.154,107.04082250627563,107.34040998966364,0.75,2025-07-10 18:55:40.614342,executed
543,USDJPY,M5,BUY,146.933,146.80549708290334,147.14300480462975,0.75,2025-07-10 19:11:01.814339,executed
544,USDJPY,M15,BUY,146.933,146.70870832663755,147.30242157965577,0.75,2025-07-10 19:11:01.819024,executed
545,USDCAD,M5,BUY,1.36936,1.3682640980931293,1.371165014905434,0.75,2025-07-10 19:11:01.824228,executed
546,USDCAD,M15,BUY,1.36936,1.3669960997008097,1.373253482845725,0.75,2025-07-10 19:11:01.828966,executed
547,AUDUSD,M15,BUY,0.65874,0.6570912100257639,0.6614556540752125,0.75,2025-07-10 19:11:01.838998,executed
548,USDCHF,M15,BUY,0.79777,0.7970969805338531,0.7988785026501242,0.75,2025-07-10 19:11:01.847958,executed
549,GBPJPY,M5,BUY,199.215,199.05112651938626,199.48490926218736,0.75,2025-07-10 19:11:01.861922,executed
550,GBPJPY,M15,BUY,199.215,198.90140413954427,199.7315108289859,0.75,2025-07-10 19:11:01.867244,executed
551,AUDCAD,M5,BUY,0.90197,0.9011565035623567,0.9033098764855303,0.75,2025-07-10 19:11:01.891872,executed
552,AUDCAD,M15,BUY,0.90197,0.9002989628514915,0.9047222964798967,0.75,2025-07-10 19:11:01.896821,executed
553,CADJPY,M5,BUY,107.298,107.18663013717163,107.48143271524674,0.75,2025-07-10 19:11:01.901851,executed
554,CADJPY,M15,BUY,107.298,107.06008552137465,107.6898591412653,0.75,2025-07-10 19:11:01.906507,executed
555,USDJPY,M5,BUY,146.95,146.8289697534238,147.14934393553727,0.75,2025-07-10 19:26:35.674162,executed
556,USDJPY,M15,BUY,146.95,146.73096766086366,147.31075914681279,0.75,2025-07-10 19:26:35.678895,executed
557,USDCAD,M15,BUY,1.36951,1.3673045841851463,1.3731424495774063,0.75,2025-07-10 19:26:35.688022,executed
558,NZDUSD,M5,SELL,0.6023,0.6029755505205533,0.6011873285543826,0.8,2025-07-10 19:26:35.711216,executed
559,NZDUSD,M15,BUY,0.6023,0.6009957460828228,0.6044481829224093,0.8,2025-07-10 19:26:35.715965,executed
560,GBPJPY,M5,BUY,199.267,199.11240689869382,199.5216239315631,0.75,2025-07-10 19:26:35.720911,executed
561,GBPJPY,M15,BUY,199.267,198.96856092093836,199.75854671845445,0.75,2025-07-10 19:26:35.725762,executed
562,CADJPY,M5,BUY,107.297,107.20022040040476,107.45640169345097,0.75,2025-07-10 19:26:35.757520,executed
563,CADJPY,M15,BUY,107.297,107.07803856296913,107.65764236687437,0.75,2025-07-10 19:26:35.762021,executed
564,USDJPY,M5,BUY,147.0,146.87549683800654,147.20506403151865,0.75,2025-07-10 19:42:02.213961,executed
565,USDJPY,M15,BUY,147.0,146.78274530608184,147.3578312605711,0.75,2025-07-10 19:42:02.218954,executed
566,USDCAD,M15,BUY,1.37001,1.36798077296046,1.3733522563004186,0.75,2025-07-10 19:42:02.228535,executed
567,AUDUSD,M15,BUY,0.65824,0.6567372821971293,0.6607150646164929,0.75,2025-07-10 19:42:02.238158,executed
568,NZDUSD,M5,SELL,0.60223,0.60282578428454,0.6012487082372283,0.8,2025-07-10 19:42:02.252022,executed
569,NZDUSD,M15,BUY,0.60223,0.6009752821606688,0.6042965940883104,0.8,2025-07-10 19:42:02.256606,executed
570,GBPJPY,M15,BUY,199.307,199.01344613147992,199.79050048932717,0.75,2025-07-10 19:42:02.265856,executed
571,AUDCAD,M5,BUY,0.90171,0.9010340102918539,0.9028233948134171,0.75,2025-07-10 19:42:02.288587,executed
572,AUDCAD,M15,BUY,0.90171,0.9001399498751201,0.9042959649115668,0.75,2025-07-10 19:42:02.293115,executed
573,CADJPY,M15,BUY,107.295,107.0886111990177,107.63493449573556,0.75,2025-07-10 19:42:02.302092,executed
574,USDJPY,M5,BUY,147.016,146.8967030024001,147.21248917251748,0.75,2025-07-10 19:57:30.107860,executed
575,USDJPY,M15,BUY,147.016,146.8061792652709,147.36158709249494,0.75,2025-07-10 19:57:30.112528,executed
576,USDCAD,M5,BUY,1.3702,1.3695188189417662,1.3713219452723855,0.75,2025-07-10 19:57:30.117166,executed
577,USDCAD,M15,BUY,1.3702,1.3683742432323989,1.3732071287936962,0.75,2025-07-10 19:57:30.121800,executed
578,AUDUSD,M5,BUY,0.65782,0.6572648460579338,0.6587343711986972,0.7,2025-07-10 19:57:30.126729,executed
579,AUDUSD,M15,BUY,0.65782,0.656445111237512,0.6600845226676271,0.8,2025-07-10 19:57:30.131675,executed
580,USDCHF,M15,BUY,0.79811,0.7974484865875187,0.7991995515029104,0.75,2025-07-10 19:57:30.140851,executed
581,GBPJPY,M5,BUY,199.285,199.13700394623567,199.52875820620005,0.75,2025-07-10 19:57:30.154242,executed
582,GBPJPY,M15,BUY,199.285,199.00451998061592,199.74696709075022,0.75,2025-07-10 19:57:30.159797,executed
583,CADJPY,M5,BUY,107.293,107.20624875003588,107.43588441170563,0.75,2025-07-10 19:57:30.191897,executed
584,CADJPY,M15,BUY,107.293,107.09916970581534,107.61224989630416,0.75,2025-07-10 19:57:30.196404,executed
