id,signal_id,order_id,symbol,action,volume,price,sl,tp,comment,open_time,close_time,close_price,profit,status,probabilidad
1,1.0,,AMD,BUY,1.0,138.41,136.41,141.41,MrcashondoV2,2025-07-10T12:01:52.463706,,,,open,
2,35.0,,XAUUSD,BUY,2.2599999999857463,3323.94,3317.2,3335.04,MrcashondoV2,2025-07-10T12:47:26.210454,,,,open,
3,68.0,,XAGUSD,BUY,0.33,36.837,36.237,37.737,MrcashondoV2,2025-07-10T13:12:22.767220,,,,open,
4,69.0,,XAGUSD,BUY,0.33,36.837,36.237,37.737,MrcashondoV2,2025-07-10T13:12:23.865136,,,,open,
5,70.0,,XAUUSD,BUY,0.13,3325.84,3318.38,3338.13,MrcashondoV2,2025-07-10T13:12:24.951501,,,,open,
6,86.0,,XAGUSD,BUY,0.33,36.692,36.092,37.592,MrcashondoV2,2025-07-10T13:23:40.711515,,,,open,
7,88.0,,XAUUSD,BUY,0.19,3322.59,3317.26,3331.37,MrcashondoV2,2025-07-10T13:23:42.720687,,,,open,
8,89.0,,XAUUSD,BUY,0.12,3322.59,3314.57,3335.8,MrcashondoV2,2025-07-10T13:23:43.802397,,,,open,
9,102.0,,XAGUSD,BUY,0.33,36.816,36.216,37.716,MrcashondoV2,2025-07-10T13:38:59.580558,,,,open,
10,103.0,,XAGUSD,BUY,0.33,36.816,36.216,37.716,MrcashondoV2,2025-07-10T13:39:00.662620,,,,open,
11,105.0,,XAUUSD,BUY,0.2,3325.78,3320.82,3333.95,MrcashondoV2,2025-07-10T13:39:02.668934,,,,open,
12,129.0,,XAGUSD,SELL,0.33,36.534,37.134,35.634,MrcashondoV2,2025-07-10T13:54:29.441403,,,,open,
13,161.0,,XAGUSD,BUY,0.33,36.568,35.968,37.468,MrcashondoV2,2025-07-10T14:10:02.827478,,,,open,
14,199.0,,XAGUSD,SELL,0.33,36.532,37.132,35.632,MrcashondoV2,2025-07-10T14:25:41.902169,,,,open,
15,200.0,,XAUUSD,BUY,0.1,3316.78,3306.63,3333.49,MrcashondoV2,2025-07-10T14:25:43.329632,,,,open,
16,224.0,,XAGUSD,BUY,0.33,36.606,36.006,37.506,MrcashondoV2,2025-07-10T14:41:10.108386,,,,open,
17,229.0,,GBPJPY,SELL,0.02000000000000001,198.768,198.904,198.543,MrcashondoV2,2025-07-10T14:41:14.909334,,,,open,
18,256.0,,NZDUSD,SELL,0.09,0.60036,0.60143,0.59859,MrcashondoV2,2025-07-10T14:56:43.999598,,,,open,
19,257.0,,XAGUSD,BUY,0.33,36.619,36.019,37.519,MrcashondoV2,2025-07-10T14:56:45.080523,,,,open,
20,258.0,,XAGUSD,BUY,0.33,36.619,36.019,37.519,MrcashondoV2,2025-07-10T14:56:46.168466,,,,open,
21,263.0,,GBPJPY,SELL,0.02000000000000001,198.585,198.734,198.339,MrcashondoV2,2025-07-10T14:56:51.386646,,,,open,
22,278.0,,NZDUSD,BUY,0.09,0.60111,0.6,0.60295,MrcashondoV2,2025-07-10T15:12:09.565068,,,,open,
23,279.0,,XAGUSD,BUY,0.33,36.742,36.142,37.642,MrcashondoV2,2025-07-10T15:12:10.638885,,,,open,
24,298.0,,XAGUSD,BUY,0.33,36.783,36.183,37.683,MrcashondoV2,2025-07-10T15:27:33.107242,,,,open,
25,299.0,,XAUUSD,BUY,0.11,3320.94,3311.77,3336.05,MrcashondoV2,2025-07-10T15:27:34.207243,,,,open,
26,329.0,,NZDUSD,BUY,0.1,0.60136,0.60032,0.60308,MrcashondoV2,2025-07-10T15:43:07.214977,,,,open,
27,354.0,,NZDUSD,BUY,0.1,0.60182,0.60079,0.60351,MrcashondoV2,2025-07-10T15:58:34.482795,,,,open,
28,355.0,,XAGUSD,BUY,0.33,36.845,36.245,37.745,MrcashondoV2,2025-07-10T15:58:35.559335,,,,open,
29,371.0,,NZDUSD,BUY,0.1,0.60196,0.60096,0.60361,MrcashondoV2,2025-07-10T16:13:56.792767,,,,open,
30,438.0,63682414,NZDUSD,BUY,0.1,0.60255,0.60155,0.60405,MrcashondoV2,2025-07-10T18:08:06.506419,,,,open,
31,439.0,63682415,NZDUSD,BUY,0.1,0.60255,0.60155,0.60368,MrcashondoV2,2025-07-10T18:08:09.000455,,,,open,
32,440.0,63682416,AUDCAD,BUY,0.14,0.89924,0.89824,0.9004,MrcashondoV2,2025-07-10T18:08:11.592173,,,,open,
33,441.0,63682417,CADJPY,SELL,0.04000000000000003,106.973,107.078,106.799,MrcashondoV2,2025-07-10T18:08:14.116121,,,,open,
34,442.0,63682419,EURUSD,SELL,0.1,1.16933,1.17033,1.16783,MrcashondoV2,2025-07-10T18:08:16.610516,,,,open,
35,443.0,63682420,GBPUSD,SELL,0.1,1.35733,1.35833,1.35625,MrcashondoV2,2025-07-10T18:08:19.143170,,,,open,
36,444.0,63682421,AUDUSD,BUY,0.1,0.65778,0.65678,0.65928,MrcashondoV2,2025-07-10T18:08:21.644308,,,,open,
37,445.0,63682422,AUDUSD,BUY,0.1,0.65778,0.65678,0.65898,MrcashondoV2,2025-07-10T18:08:24.163767,,,,open,
38,446.0,63682925,NZDUSD,BUY,0.1,0.60271,0.60171,0.60384,MrcashondoV2,2025-07-10T18:23:27.275014,,,,open,
39,447.0,63682926,AUDCAD,BUY,0.14,0.89972,0.89872,0.90094,MrcashondoV2,2025-07-10T18:23:29.779163,,,,open,
40,448.0,63682929,CADJPY,SELL,0.04,106.958,107.058,106.797,MrcashondoV2,2025-07-10T18:23:32.290038,,,,open,
41,449.0,63682930,AUDUSD,BUY,0.1,0.65808,0.65708,0.65958,MrcashondoV2,2025-07-10T18:23:34.802909,,,,open,
42,450.0,63682931,AUDUSD,BUY,0.1,0.65808,0.65708,0.6593,MrcashondoV2,2025-07-10T18:23:37.334477,,,,open,
43,451.0,63682932,USDCHF,BUY,0.08,0.79718,0.79618,0.79849,MrcashondoV2,2025-07-10T18:23:39.871668,,,,open,
44,452.0,63683652,CADJPY,BUY,0.04,106.991,106.891,107.148,MrcashondoV2,2025-07-10T18:38:45.111009,,,,open,
45,453.0,63683656,EURUSD,SELL,0.1,1.16886,1.16986,1.16736,MrcashondoV2,2025-07-10T18:38:47.617980,,,,open,
46,454.0,63683660,USDCHF,BUY,0.08,0.7972,0.7962,0.7987,MrcashondoV2,2025-07-10T18:38:50.153389,,,,open,
47,455.0,63683907,AUDUSD,BUY,0.1,0.65826,0.65726,0.65976,MrcashondoV2,2025-07-10T18:47:59.080905,,,,open,
48,456.0,63683908,AUDUSD,BUY,0.1,0.65826,0.65726,0.65934,MrcashondoV2,2025-07-10T18:48:01.642842,,,,open,
49,457.0,63683909,NZDUSD,BUY,0.1,0.60283,0.60183,0.60433,MrcashondoV2,2025-07-10T18:48:04.151381,,,,open,
50,458.0,63683910,NZDUSD,BUY,0.1,0.60283,0.60183,0.60384,MrcashondoV2,2025-07-10T18:48:06.653608,,,,open,
51,459.0,63683911,USDCHF,BUY,0.08,0.79726,0.79626,0.79876,MrcashondoV2,2025-07-10T18:48:09.154680,,,,open,
52,460.0,63683914,AUDCAD,BUY,0.14,0.89968,0.89868,0.90079,MrcashondoV2,2025-07-10T18:48:11.649606,,,,open,
53,461.0,63683915,CADJPY,BUY,0.04,106.995,106.895,107.146,MrcashondoV2,2025-07-10T18:48:14.175631,,,,open,
54,462.0,63684339,AUDUSD,BUY,0.1,0.65843,0.65743,0.65993,MrcashondoV2,2025-07-10T19:03:17.273911,,,,open,
55,463.0,63684342,AUDUSD,BUY,0.1,0.65843,0.65743,0.65948,MrcashondoV2,2025-07-10T19:03:19.776277,,,,open,
56,464.0,63684343,NZDUSD,BUY,0.1,0.60293,0.60193,0.60443,MrcashondoV2,2025-07-10T19:03:22.287940,,,,open,
57,465.0,63684346,NZDUSD,BUY,0.1,0.60293,0.60193,0.60394,MrcashondoV2,2025-07-10T19:03:24.812739,,,,open,
58,466.0,63684347,USDCHF,BUY,0.08,0.79713,0.79613,0.79863,MrcashondoV2,2025-07-10T19:03:27.315509,,,,open,
59,467.0,63684348,AUDCAD,BUY,0.14,0.89996,0.89896,0.90111,MrcashondoV2,2025-07-10T19:03:29.824109,,,,open,
60,468.0,63684350,CADJPY,BUY,0.04,106.987,106.887,107.143,MrcashondoV2,2025-07-10T19:03:32.417145,,,,open,
61,469.0,63684351,GBPUSD,SELL,0.1,1.35764,1.35864,1.35614,MrcashondoV2,2025-07-10T19:03:34.926565,,,,open,
62,470.0,63688697,GBPUSD,BUY,0.1,1.35843,1.35743,1.35993,MrcashondoV2,2025-07-10T22:34:30.083575,,,,open,
63,471.0,63688698,GBPUSD,SELL,0.1,1.35843,1.35943,1.35696,MrcashondoV2,2025-07-10T22:34:32.594156,,,,open,
64,472.0,63688699,AUDUSD,BUY,0.1,0.65925,0.65825,0.66075,MrcashondoV2,2025-07-10T22:34:35.106353,,,,open,
65,473.0,63688701,AUDUSD,BUY,0.1,0.65925,0.65825,0.6603,MrcashondoV2,2025-07-10T22:34:37.604904,,,,open,
66,474.0,63688702,USDCHF,BUY,0.08,0.79649,0.79549,0.79799,MrcashondoV2,2025-07-10T22:34:40.109107,,,,open,
67,475.0,63688704,AUDCAD,BUY,0.14,0.90006,0.89906,0.90143,MrcashondoV2,2025-07-10T22:34:42.625458,,,,open,
68,476.0,63688705,EURUSD,BUY,0.1,1.17055,1.16955,1.17205,MrcashondoV2,2025-07-10T22:34:45.132834,,,,open,
69,477.0,63688706,EURUSD,SELL,0.1,1.17055,1.17155,1.16905,MrcashondoV2,2025-07-10T22:34:47.651123,,,,open,
70,478.0,63688885,GBPUSD,BUY,0.1,1.35846,1.35746,1.35996,MrcashondoV2,2025-07-10T22:43:18.684751,,,,open,
71,479.0,63688886,GBPUSD,SELL,0.1,1.35846,1.35946,1.35693,MrcashondoV2,2025-07-10T22:43:21.219017,,,,open,
72,480.0,63688887,AUDUSD,BUY,0.1,0.65933,0.65833,0.66083,MrcashondoV2,2025-07-10T22:43:23.727454,,,,open,
73,481.0,63688888,AUDUSD,BUY,0.1,0.65933,0.65833,0.66045,MrcashondoV2,2025-07-10T22:43:26.227135,,,,open,
74,482.0,63688889,NZDUSD,BUY,0.1,0.604,0.603,0.6055,MrcashondoV2,2025-07-10T22:43:28.726140,,,,open,
75,483.0,63688890,NZDUSD,BUY,0.1,0.604,0.603,0.6055,MrcashondoV2,2025-07-10T22:43:31.226234,,,,open,
76,484.0,63688891,USDCHF,BUY,0.08,0.79643,0.79543,0.79793,MrcashondoV2,2025-07-10T22:43:33.741168,,,,open,
77,485.0,63688892,GBPJPY,SELL,0.019999999999999997,198.577,198.677,198.452,MrcashondoV2,2025-07-10T22:43:36.321315,,,,open,
78,486.0,63688893,AUDCAD,BUY,0.14,0.90018,0.89918,0.90164,MrcashondoV2,2025-07-10T22:43:38.829451,,,,open,
79,487.0,63688894,CADJPY,BUY,0.04,107.055,106.955,107.205,MrcashondoV2,2025-07-10T22:43:41.330475,,,,open,
80,488.0,63688895,EURUSD,BUY,0.1,1.17056,1.16956,1.17206,MrcashondoV2,2025-07-10T22:43:43.845802,,,,open,
81,489.0,63688896,EURUSD,SELL,0.1,1.17056,1.17156,1.16906,MrcashondoV2,2025-07-10T22:43:46.353650,,,,open,
82,490.0,63689326,USDCHF,BUY,0.08,0.79654,0.79554,0.79804,MrcashondoV2,2025-07-10T23:17:11.158437,,,,open,
83,491.0,63689327,USDCHF,BUY,0.08,0.79654,0.79554,0.79804,MrcashondoV2,2025-07-10T23:17:13.668889,,,,open,
84,492.0,63689328,CADJPY,BUY,0.04,107.051,106.951,107.201,MrcashondoV2,2025-07-10T23:17:16.187420,,,,open,
85,493.0,63689372,EURUSD,SELL,0.1,1.17054,1.17154,1.16904,MrcashondoV2,2025-07-10T23:28:38.398159,,,,open,
86,494.0,63689373,AUDUSD,BUY,0.1,0.65936,0.65836,0.66086,MrcashondoV2,2025-07-10T23:28:41.208401,,,,open,
87,495.0,63689374,AUDUSD,BUY,0.1,0.65936,0.65836,0.66086,MrcashondoV2,2025-07-10T23:28:44.015294,,,,open,
88,496.0,63689375,USDCHF,BUY,0.08,0.79647,0.79547,0.79797,MrcashondoV2,2025-07-10T23:28:46.887028,,,,open,
89,497.0,63689376,USDCHF,BUY,0.08,0.79647,0.79547,0.79797,MrcashondoV2,2025-07-10T23:28:49.702484,,,,open,
90,498.0,63689377,NZDUSD,BUY,0.1,0.60424,0.60324,0.60574,MrcashondoV2,2025-07-10T23:28:52.550492,,,,open,
91,499.0,63689379,NZDUSD,BUY,0.1,0.60424,0.60324,0.60574,MrcashondoV2,2025-07-10T23:28:55.374150,,,,open,
92,500.0,63689592,EURUSD,SELL,0.1,1.17017,1.17117,1.16867,MrcashondoV2,2025-07-10T23:43:58.823851,,,,open,
93,501.0,63689593,GBPUSD,BUY,0.1,1.35819,1.35719,1.35969,MrcashondoV2,2025-07-10T23:44:01.645138,,,,open,
94,502.0,63689594,USDCHF,BUY,0.08,0.7966,0.7956,0.7981,MrcashondoV2,2025-07-10T23:44:04.466317,,,,open,
95,503.0,63689596,CADJPY,BUY,0.04,107.048,106.948,107.198,MrcashondoV2,2025-07-10T23:44:07.294740,,,,open,
96,504.0,63689884,EURUSD,SELL,0.1,1.17013,1.17113,1.16863,MrcashondoV2,2025-07-10T23:59:18.040157,,,,open,
97,505.0,63689885,GBPUSD,SELL,0.1,1.35796,1.35896,1.35646,MrcashondoV2,2025-07-10T23:59:20.879895,,,,open,
98,506.0,63689886,AUDUSD,BUY,0.1,0.65936,0.65836,0.66086,MrcashondoV2,2025-07-10T23:59:23.701596,,,,open,
99,507.0,63689887,USDJPY,SELL,0.03,146.277,146.377,146.173,MrcashondoV2,2025-07-10T23:59:26.549887,,,,open,
100,508.0,63689888,USDCHF,BUY,0.08,0.79676,0.79576,0.79826,MrcashondoV2,2025-07-10T23:59:29.398868,,,,open,
101,509.0,63689889,USDCHF,BUY,0.08,0.79676,0.79576,0.79826,MrcashondoV2,2025-07-10T23:59:32.227378,,,,open,
102,510.0,63689891,GBPJPY,SELL,0.019999999999999997,198.638,198.738,198.509,MrcashondoV2,2025-07-10T23:59:35.065081,,,,open,
103,511.0,63689892,AUDCAD,BUY,0.14,0.90034,0.89934,0.90146,MrcashondoV2,2025-07-10T23:59:37.974938,,,,open,
104,512.0,63689893,CADJPY,BUY,0.04,107.115,107.015,107.265,MrcashondoV2,2025-07-10T23:59:40.900788,,,,open,
105,513.0,63690161,AUDUSD,BUY,0.1,0.65841,0.65741,0.65957,MrcashondoV2,2025-07-11T00:14:46.762742,,,,open,
106,514.0,63690162,USDJPY,BUY,0.03,146.331,146.231,146.463,MrcashondoV2,2025-07-11T00:14:49.759343,,,,open,
107,515.0,63690163,USDJPY,BUY,0.030000000000000013,146.331,146.211,146.528,MrcashondoV2,2025-07-11T00:14:52.574601,,,,open,
108,516.0,63690164,USDCHF,BUY,0.08,0.7971,0.7961,0.7986,MrcashondoV2,2025-07-11T00:14:55.398160,,,,open,
109,517.0,63690165,USDCAD,SELL,0.14,1.36662,1.36762,1.36512,MrcashondoV2,2025-07-11T00:14:58.204963,,,,open,
110,518.0,63690172,NZDUSD,BUY,0.1,0.60322,0.60222,0.6043,MrcashondoV2,2025-07-11T00:15:01.013297,,,,open,
111,519.0,63690176,GBPJPY,SELL,0.020000000000000025,198.571,198.682,198.388,MrcashondoV2,2025-07-11T00:15:03.883831,,,,open,
112,520.0,63690178,CADJPY,BUY,0.04,107.073,106.973,107.173,MrcashondoV2,2025-07-11T00:15:06.710757,,,,open,
113,521.0,63690705,USDJPY,BUY,0.03,146.394,146.294,146.556,MrcashondoV2,2025-07-11T00:30:12.553938,,,,open,
114,522.0,63690706,USDJPY,BUY,0.030000000000000013,146.394,146.269,146.599,MrcashondoV2,2025-07-11T00:30:15.417953,,,,open,
115,524.0,63692572,USDJPY,BUY,0.030000000000000013,146.752,146.622,146.966,MrcashondoV2,2025-07-11T01:40:15.277882,,,,open,
116,525.0,63692573,USDCAD,BUY,0.09,1.36849,1.36698,1.37098,MrcashondoV2,2025-07-11T01:40:17.778450,,,,open,
117,526.0,63692574,AUDUSD,BUY,0.06,0.65894,0.65721,0.6618,MrcashondoV2,2025-07-11T01:40:20.269212,,,,open,
118,527.0,63692575,NZDUSD,BUY,0.07,0.60318,0.60175,0.60554,MrcashondoV2,2025-07-11T01:40:22.759988,,,,open,
119,528.0,63692577,GBPJPY,BUY,0.019999999999999997,199.081,198.914,199.356,MrcashondoV2,2025-07-11T01:40:25.262087,,,,open,
120,529.0,63692578,GBPJPY,BUY,0.019999999999999997,199.082,198.787,199.568,MrcashondoV2,2025-07-11T01:40:27.762703,,,,open,
121,530.0,63692579,CADCHF,BUY,0.08,0.58269,0.58169,0.58419,MrcashondoV2,2025-07-11T01:40:30.311617,,,,open,
122,531.0,63692580,CADCHF,BUY,0.08,0.58269,0.58163,0.58444,MrcashondoV2,2025-07-11T01:40:32.809172,,,,open,
123,532.0,63692581,AUDCAD,BUY,0.08,0.90167,0.89991,0.90457,MrcashondoV2,2025-07-11T01:40:35.306264,,,,open,
124,533.0,63692582,CADJPY,BUY,0.040000000000000015,107.236,107.1,107.46,MrcashondoV2,2025-07-11T01:40:37.868640,,,,open,
125,534.0,63692585,CADJPY,BUY,0.039999999999999994,107.236,106.984,107.651,MrcashondoV2,2025-07-11T01:40:40.372362,,,,open,
126,535.0,63692775,USDJPY,BUY,0.030000000000000013,146.752,146.629,146.954,MrcashondoV2,2025-07-11T01:55:43.493561,,,,open,
127,536.0,63692777,USDJPY,BUY,0.03,146.752,146.544,147.095,MrcashondoV2,2025-07-11T01:55:45.986792,,,,open,
128,537.0,63692778,USDCAD,BUY,0.1,1.36952,1.36814,1.37179,MrcashondoV2,2025-07-11T01:55:48.486991,,,,open,
129,538.0,63692779,USDCAD,BUY,0.05,1.36952,1.36691,1.37381,MrcashondoV2,2025-07-11T01:55:50.998998,,,,open,
130,539.0,63692780,USDCHF,BUY,0.08,0.79767,0.79667,0.79884,MrcashondoV2,2025-07-11T01:55:53.608873,,,,open,
131,540.0,63692781,GBPJPY,BUY,0.02000000000000001,198.992,198.84,199.242,MrcashondoV2,2025-07-11T01:55:56.106407,,,,open,
132,541.0,63692782,CADCHF,BUY,0.08,0.58242,0.58142,0.58392,MrcashondoV2,2025-07-11T01:55:58.603651,,,,open,
133,542.0,63692786,CADJPY,BUY,0.04000000000000003,107.154,107.041,107.34,MrcashondoV2,2025-07-11T01:56:01.143229,,,,open,
134,543.0,63693229,USDJPY,BUY,0.030000000000000013,146.933,146.805,147.143,MrcashondoV2,2025-07-11T02:11:05.192605,,,,open,
135,544.0,63693232,USDJPY,BUY,0.03,146.933,146.709,147.302,MrcashondoV2,2025-07-11T02:11:07.695402,,,,open,
136,545.0,63693234,USDCAD,BUY,0.12,1.36936,1.36826,1.37117,MrcashondoV2,2025-07-11T02:11:10.195454,,,,open,
137,546.0,63693235,USDCAD,BUY,0.06,1.36936,1.367,1.37325,MrcashondoV2,2025-07-11T02:11:12.693948,,,,open,
138,547.0,63693237,AUDUSD,BUY,0.06,0.65874,0.65709,0.66146,MrcashondoV2,2025-07-11T02:11:15.208899,,,,open,
139,548.0,63693238,USDCHF,BUY,0.08,0.79777,0.79677,0.79888,MrcashondoV2,2025-07-11T02:11:17.703812,,,,open,
140,549.0,63693239,GBPJPY,BUY,0.019999999999999997,199.215,199.051,199.485,MrcashondoV2,2025-07-11T02:11:20.203013,,,,open,
141,550.0,63693241,GBPJPY,BUY,0.019999999999999997,199.215,198.901,199.732,MrcashondoV2,2025-07-11T02:11:22.708112,,,,open,
142,551.0,63693242,AUDCAD,BUY,0.14,0.90197,0.90097,0.90331,MrcashondoV2,2025-07-11T02:11:25.196693,,,,open,
143,552.0,63693243,AUDCAD,BUY,0.08,0.90197,0.9003,0.90472,MrcashondoV2,2025-07-11T02:11:27.719409,,,,open,
144,553.0,63693246,CADJPY,BUY,0.04000000000000003,107.298,107.187,107.481,MrcashondoV2,2025-07-11T02:11:30.215899,,,,open,
145,554.0,63693247,CADJPY,BUY,0.039999999999999994,107.298,107.06,107.69,MrcashondoV2,2025-07-11T02:11:32.724478,,,,open,
146,555.0,63693452,USDJPY,BUY,0.030000000000000013,146.95,146.829,147.149,MrcashondoV2,2025-07-11T02:26:38.641564,,,,open,
147,556.0,63693453,USDJPY,BUY,0.03,146.95,146.731,147.311,MrcashondoV2,2025-07-11T02:26:41.137121,,,,open,
148,557.0,63693454,USDCAD,BUY,0.06,1.36951,1.3673,1.37314,MrcashondoV2,2025-07-11T02:26:43.627348,,,,open,
149,558.0,63693455,NZDUSD,SELL,0.1,0.6023,0.6033,0.60119,MrcashondoV2,2025-07-11T02:26:46.138767,,,,open,
150,559.0,63693456,NZDUSD,BUY,0.08,0.6023,0.601,0.60445,MrcashondoV2,2025-07-11T02:26:48.638457,,,,open,
151,560.0,63693457,GBPJPY,BUY,0.019999999999999997,199.267,199.112,199.522,MrcashondoV2,2025-07-11T02:26:51.133749,,,,open,
152,561.0,63693458,GBPJPY,BUY,0.019999999999999997,199.267,198.969,199.759,MrcashondoV2,2025-07-11T02:26:53.670832,,,,open,
153,562.0,63693459,CADJPY,BUY,0.04,107.297,107.197,107.456,MrcashondoV2,2025-07-11T02:26:56.162391,,,,open,
154,563.0,63693460,CADJPY,BUY,0.04,107.297,107.078,107.658,MrcashondoV2,2025-07-11T02:26:58.653600,,,,open,
155,564.0,63693885,USDJPY,BUY,0.030000000000000013,147.0,146.875,147.205,MrcashondoV2,2025-07-11T02:42:05.196438,,,,open,
156,565.0,63693886,USDJPY,BUY,0.03,147.0,146.783,147.358,MrcashondoV2,2025-07-11T02:42:07.696306,,,,open,
157,566.0,63693888,USDCAD,BUY,0.07,1.37001,1.36798,1.37335,MrcashondoV2,2025-07-11T02:42:10.217318,,,,open,
158,567.0,63693889,AUDUSD,BUY,0.07,0.65824,0.65674,0.66072,MrcashondoV2,2025-07-11T02:42:12.713203,,,,open,
159,568.0,63693890,NZDUSD,SELL,0.1,0.60223,0.60323,0.60073,MrcashondoV2,2025-07-11T02:42:15.203196,,,,open,
160,569.0,63693891,NZDUSD,BUY,0.08,0.60223,0.60098,0.6043,MrcashondoV2,2025-07-11T02:42:17.689895,,,,open,
161,570.0,63693892,GBPJPY,BUY,0.019999999999999997,199.307,199.013,199.791,MrcashondoV2,2025-07-11T02:42:20.188371,,,,open,
162,571.0,63693893,AUDCAD,BUY,0.14,0.90171,0.90071,0.90282,MrcashondoV2,2025-07-11T02:42:22.684278,,,,open,
163,572.0,63693894,AUDCAD,BUY,0.09,0.90171,0.90014,0.9043,MrcashondoV2,2025-07-11T02:42:25.182575,,,,open,
164,573.0,63693895,CADJPY,BUY,0.04,107.295,107.089,107.635,MrcashondoV2,2025-07-11T02:42:27.680822,,,,open,
165,574.0,63694100,USDJPY,BUY,0.030000000000000013,147.016,146.897,147.212,MrcashondoV2,2025-07-11T02:57:33.067200,,,,open,
166,575.0,63694101,USDJPY,BUY,0.03,147.016,146.806,147.362,MrcashondoV2,2025-07-11T02:57:35.587018,,,,open,
167,576.0,63694102,USDCAD,BUY,0.14,1.3702,1.3692,1.37132,MrcashondoV2,2025-07-11T02:57:38.074176,,,,open,
168,577.0,63694103,USDCAD,BUY,0.07,1.3702,1.36837,1.37321,MrcashondoV2,2025-07-11T02:57:40.577195,,,,open,
169,578.0,63694104,AUDUSD,BUY,0.1,0.65782,0.65682,0.65932,MrcashondoV2,2025-07-11T02:57:43.062726,,,,open,
170,579.0,63694122,AUDUSD,BUY,0.07,0.65782,0.65645,0.66008,MrcashondoV2,2025-07-11T02:57:45.550727,,,,open,
171,580.0,63694140,USDCHF,BUY,0.08,0.79811,0.79711,0.7992,MrcashondoV2,2025-07-11T02:57:48.048224,,,,open,
172,581.0,63694141,GBPJPY,BUY,0.02000000000000001,199.285,199.137,199.529,MrcashondoV2,2025-07-11T02:57:50.538201,,,,open,
173,582.0,63694143,GBPJPY,BUY,0.019999999999999997,199.285,199.005,199.747,MrcashondoV2,2025-07-11T02:57:53.047399,,,,open,
174,583.0,63694145,CADJPY,BUY,0.04,107.293,107.193,107.436,MrcashondoV2,2025-07-11T02:57:55.539894,,,,open,
175,584.0,63694146,CADJPY,BUY,0.04,107.293,107.099,107.612,MrcashondoV2,2025-07-11T02:57:58.031697,,,,open,
176,585.0,63694548,USDJPY,BUY,0.030000000000000027,146.978,146.867,147.161,MrcashondoV2,2025-07-11T03:13:03.491458,,,,open,
177,586.0,63694549,AUDUSD,BUY,0.08,0.65794,0.65663,0.6601,MrcashondoV2,2025-07-11T03:13:05.979591,,,,open,
178,587.0,63694550,USDCHF,BUY,0.08,0.79759,0.79659,0.79909,MrcashondoV2,2025-07-11T03:13:08.474588,,,,open,
179,588.0,63694551,NZDUSD,SELL,0.1,0.60194,0.60294,0.60044,MrcashondoV2,2025-07-11T03:13:10.959849,,,,open,
180,589.0,63694552,NZDUSD,BUY,0.09,0.60194,0.60084,0.60376,MrcashondoV2,2025-07-11T03:13:13.517714,,,,open,
181,590.0,63694553,GBPJPY,BUY,0.02000000000000001,199.271,199.135,199.495,MrcashondoV2,2025-07-11T03:13:16.046637,,,,open,
182,591.0,63694554,GBPJPY,BUY,0.01999999999999999,199.271,199.007,199.705,MrcashondoV2,2025-07-11T03:13:18.547222,,,,open,
183,592.0,63694555,CADJPY,BUY,0.04,107.298,107.198,107.426,MrcashondoV2,2025-07-11T03:13:21.062469,,,,open,
184,593.0,63694556,CADJPY,BUY,0.04,107.298,107.119,107.593,MrcashondoV2,2025-07-11T03:13:23.573516,,,,open,
185,594.0,63694964,USDJPY,BUY,0.030000000000000027,146.882,146.778,147.053,MrcashondoV2,2025-07-11T03:28:27.467545,,,,open,
186,595.0,63694965,USDCAD,BUY,0.14,1.36918,1.36818,1.37068,MrcashondoV2,2025-07-11T03:28:29.972141,,,,open,
187,596.0,63694966,AUDUSD,BUY,0.1,0.65852,0.65752,0.66002,MrcashondoV2,2025-07-11T03:28:32.477444,,,,open,
188,597.0,63694968,AUDUSD,BUY,0.08,0.65852,0.65723,0.66064,MrcashondoV2,2025-07-11T03:28:35.021563,,,,open,
189,598.0,63694969,USDCHF,BUY,0.08,0.79724,0.79624,0.79838,MrcashondoV2,2025-07-11T03:28:37.520938,,,,open,
190,599.0,63694973,NZDUSD,SELL,0.1,0.60223,0.60323,0.60073,MrcashondoV2,2025-07-11T03:28:40.018421,,,,open,
191,600.0,63694974,GBPJPY,BUY,0.02000000000000001,199.254,199.129,199.46,MrcashondoV2,2025-07-11T03:28:42.507909,,,,open,
192,601.0,63694975,AUDCAD,BUY,0.1,0.90156,0.90025,0.90372,MrcashondoV2,2025-07-11T03:28:45.039440,,,,open,
193,602.0,63694976,CADJPY,BUY,0.04,107.274,107.174,107.393,MrcashondoV2,2025-07-11T03:28:47.580272,,,,open,
194,603.0,63695321,USDCAD,BUY,0.14,1.36933,1.36833,1.37083,MrcashondoV2,2025-07-11T03:43:51.779291,,,,open,
195,604.0,63695322,USDCAD,BUY,0.09,1.36933,1.36778,1.37188,MrcashondoV2,2025-07-11T03:43:54.282927,,,,open,
196,605.0,63695324,USDCHF,BUY,0.08,0.79723,0.79623,0.79834,MrcashondoV2,2025-07-11T03:43:56.831087,,,,open,
197,606.0,63695325,GBPJPY,BUY,0.01999999999999999,199.244,199.007,199.635,MrcashondoV2,2025-07-11T03:43:59.340258,,,,open,
198,607.0,63695326,AUDCAD,BUY,0.11,0.9018,0.90054,0.90388,MrcashondoV2,2025-07-11T03:44:01.832413,,,,open,
199,608.0,63695327,EURUSD,SELL,0.1,1.16844,1.16944,1.16694,MrcashondoV2,2025-07-11T03:44:04.327535,,,,open,
200,609.0,63695328,GBPUSD,SELL,0.1,1.35659,1.35759,1.35509,MrcashondoV2,2025-07-11T03:44:06.860380,,,,open,
201,610.0,63695539,USDJPY,BUY,0.03,146.951,146.758,147.269,MrcashondoV2,2025-07-11T03:59:12.387191,,,,open,
202,611.0,63695540,USDCAD,BUY,0.14,1.36909,1.36809,1.37059,MrcashondoV2,2025-07-11T03:59:15.473425,,,,open,
203,612.0,63695541,USDCHF,BUY,0.08,0.79736,0.79636,0.79843,MrcashondoV2,2025-07-11T03:59:17.969069,,,,open,
204,613.0,63695542,NZDUSD,SELL,0.1,0.6022,0.6032,0.6007,MrcashondoV2,2025-07-11T03:59:20.466301,,,,open,
205,614.0,63695543,GBPJPY,BUY,0.020000000000000025,199.348,199.244,199.519,MrcashondoV2,2025-07-11T03:59:22.966709,,,,open,
206,615.0,63695544,GBPJPY,BUY,0.01999999999999999,199.348,199.111,199.739,MrcashondoV2,2025-07-11T03:59:25.473106,,,,open,
207,616.0,63695545,CADJPY,BUY,0.04,107.333,107.169,107.602,MrcashondoV2,2025-07-11T03:59:27.984471,,,,open,
208,617.0,63695546,EURUSD,SELL,0.1,1.16821,1.16921,1.16671,MrcashondoV2,2025-07-11T03:59:30.471119,,,,open,
209,618.0,63695547,GBPUSD,SELL,0.1,1.35657,1.35757,1.35507,MrcashondoV2,2025-07-11T03:59:32.972450,,,,open,
210,619.0,63695849,USDJPY,BUY,0.03,147.021,146.921,147.171,MrcashondoV2,2025-07-11T04:14:42.710754,,,,open,
211,620.0,63695850,USDJPY,BUY,0.03,147.021,146.83,147.336,MrcashondoV2,2025-07-11T04:14:45.204510,,,,open,
212,621.0,63695851,USDCAD,BUY,0.14,1.36947,1.36847,1.37097,MrcashondoV2,2025-07-11T04:14:47.719335,,,,open,
213,622.0,63695852,USDCAD,BUY,0.1,1.36947,1.36809,1.37175,MrcashondoV2,2025-07-11T04:14:50.204215,,,,open,
214,623.0,63695854,AUDUSD,BUY,0.1,0.65823,0.65723,0.65973,MrcashondoV2,2025-07-11T04:14:52.698195,,,,open,
215,624.0,63695855,USDCHF,BUY,0.08,0.7974,0.7964,0.7989,MrcashondoV2,2025-07-11T04:14:55.186117,,,,open,
216,625.0,63695856,NZDUSD,SELL,0.1,0.60191,0.60291,0.60041,MrcashondoV2,2025-07-11T04:14:57.691743,,,,open,
217,626.0,63695863,GBPJPY,BUY,0.020000000000000025,199.382,199.279,199.551,MrcashondoV2,2025-07-11T04:15:00.185420,,,,open,
218,627.0,63695864,GBPJPY,BUY,0.01999999999999999,199.382,199.153,199.759,MrcashondoV2,2025-07-11T04:15:02.688740,,,,open,
219,628.0,63695865,CADJPY,BUY,0.04,107.355,107.255,107.468,MrcashondoV2,2025-07-11T04:15:05.183791,,,,open,
220,629.0,63695866,CADJPY,BUY,0.04,107.355,107.198,107.614,MrcashondoV2,2025-07-11T04:15:07.683368,,,,open,
221,630.0,63695868,GBPUSD,SELL,0.1,1.35616,1.35716,1.35466,MrcashondoV2,2025-07-11T04:15:10.174953,,,,open,
222,631.0,63696603,USDJPY,BUY,0.03,147.173,147.073,147.316,MrcashondoV2,2025-07-11T04:30:17.536157,,,,open,
223,632.0,63696605,USDJPY,BUY,0.03,147.173,146.996,147.465,MrcashondoV2,2025-07-11T04:30:20.058912,,,,open,
224,633.0,63696606,AUDUSD,BUY,0.1,0.65757,0.65657,0.65913,MrcashondoV2,2025-07-11T04:30:22.562432,,,,open,
225,634.0,63696609,GBPJPY,BUY,0.019999999999999997,199.408,199.307,199.575,MrcashondoV2,2025-07-11T04:30:25.090908,,,,open,
226,635.0,63696610,GBPJPY,BUY,0.019999999999999997,199.408,199.211,199.732,MrcashondoV2,2025-07-11T04:30:27.597782,,,,open,
227,636.0,63696612,AUDCAD,BUY,0.14,0.90071,0.89971,0.90231,MrcashondoV2,2025-07-11T04:30:30.147176,,,,open,
228,637.0,63696613,CADJPY,BUY,0.04,107.431,107.331,107.533,MrcashondoV2,2025-07-11T04:30:32.666496,,,,open,
229,638.0,63696615,CADJPY,BUY,0.040000000000000015,107.431,107.293,107.658,MrcashondoV2,2025-07-11T04:30:35.186797,,,,open,
230,,63701838,NZDUSD,SELL,0.1,0.60145,0.60245,0.59995,MrcashondoV2,2025-07-11T05:58:23.092146,,,,open,
231,,63701841,USDCHF,BUY,0.08,0.79719,0.79619,0.79869,MrcashondoV2,2025-07-11T05:58:25.596681,,,,open,
232,,63701842,USDCHF,BUY,0.08,0.79719,0.79619,0.79869,MrcashondoV2,2025-07-11T05:58:28.090152,,,,open,
233,,63701845,USDCAD,BUY,0.14,1.36966,1.36866,1.37116,MrcashondoV2,2025-07-11T05:58:30.587452,,,,open,
234,,63701846,CADJPY,BUY,0.04,107.202,107.046,107.458,MrcashondoV2,2025-07-11T05:58:33.096641,,,,open,
235,,63701847,GBPUSD,SELL,0.1,1.3563,1.3573,1.3548,MrcashondoV2,2025-07-11T05:58:35.602449,,,,open,
236,,63701849,AUDUSD,BUY,0.1,0.65799,0.65699,0.65949,MrcashondoV2,2025-07-11T05:58:38.150629,,,,open,
237,,190275356,AUDUSDm,BUY,0.1,0.6585,0.6575,0.66,MrcashondoV2,2025-07-11T06:57:03.772198+00:00,,,,open,
238,,190275358,USOILm,BUY,0.01,66.057,65.057,67.557,MrcashondoV2,2025-07-11T06:57:04.662386+00:00,,,,open,
239,,190279491,AUDCHFm,BUY,0.08,0.52472,0.52372,0.52622,MrcashondoV2,2025-07-11T07:12:07.243906+00:00,,,,open,
240,,190279494,USDCHFm,BUY,0.08,0.79697,0.79597,0.79847,MrcashondoV2,2025-07-11T07:12:07.769911+00:00,,,,open,
241,,190279495,USDCHFm,BUY,0.08,0.79697,0.79597,0.79832,MrcashondoV2,2025-07-11T07:12:08.300627+00:00,,,,open,
242,,190279499,EURCADm,SELL,0.1,1.6005,1.60184,1.59829,MrcashondoV2,2025-07-11T07:12:09.554924+00:00,,,,open,
243,,190282908,AUDCHFm,BUY,0.08,0.52485,0.52385,0.52635,MrcashondoV2,2025-07-11T07:27:10.917847+00:00,,,,open,
244,,190282910,AUDUSDm,BUY,0.1,0.65895,0.65795,0.66045,MrcashondoV2,2025-07-11T07:27:11.436776+00:00,,,,open,
245,,190282912,USOILm,SELL,0.01,65.97,66.97,64.47,MrcashondoV2,2025-07-11T07:27:12.316278+00:00,,,,open,
246,,190282914,EURCADm,SELL,0.1,1.6007799999999999,1.60211,1.59859,MrcashondoV2,2025-07-11T07:27:12.885225+00:00,,,,open,
247,,190286307,EURUSDm,BUY,0.1,1.16928,1.16828,1.17042,MrcashondoV2,2025-07-11T07:42:15.689021+00:00,,,,open,
248,,190286312,USOILm,SELL,0.01,65.986,66.986,64.486,MrcashondoV2,2025-07-11T07:42:16.568471+00:00,,,,open,
249,,190289568,EURUSDm,SELL,0.1,1.1687,1.1697,1.16752,MrcashondoV2,2025-07-11T07:57:19.725413+00:00,,,,open,
250,,190289572,EURGBPm,BUY,0.07,0.86299,0.86199,0.86407,MrcashondoV2,2025-07-11T07:57:20.579737+00:00,,,,open,
251,,190292500,AUDUSDm,BUY,0.1,0.65773,0.65671,0.65941,MrcashondoV2,2025-07-11T08:12:23.600629+00:00,,,,open,
252,,190292503,EURUSDm,BUY,0.1,1.1689,1.1679,1.17021,MrcashondoV2,2025-07-11T08:12:24.140426+00:00,,,,open,
253,,190292505,EURGBPm,BUY,0.07,0.86343,0.86243,0.86454,MrcashondoV2,2025-07-11T08:12:25.010246+00:00,,,,open,
254,,190292507,NZDUSDm,BUY,0.1,0.60167,0.60067,0.60322,MrcashondoV2,2025-07-11T08:12:25.537182+00:00,,,,open,
255,,190292508,AUDCADm,BUY,0.14,0.90102,0.90002,0.90256,MrcashondoV2,2025-07-11T08:12:26.095212+00:00,,,,open,
256,,190292512,EURCADm,BUY,0.1,1.60126,1.59991,1.60348,MrcashondoV2,2025-07-11T08:12:27.570539+00:00,,,,open,
257,,190295379,CADCHFm,SELL,0.08,0.5819,0.5829,0.5804,MrcashondoV2,2025-07-11T08:27:30.016482+00:00,,,,open,
258,,190295387,CADCHFm,SELL,0.08,0.5819,0.5829,0.58074,MrcashondoV2,2025-07-11T08:27:30.591149+00:00,,,,open,
259,,190295392,AUDCHFm,BUY,0.08,0.52441,0.52341,0.52591,MrcashondoV2,2025-07-11T08:27:31.175520+00:00,,,,open,
260,,190295399,AUDCHFm,BUY,0.08,0.52441,0.52341,0.5258,MrcashondoV2,2025-07-11T08:27:31.742048+00:00,,,,open,
261,,190295404,AUDUSDm,BUY,0.1,0.65798,0.65698,0.65948,MrcashondoV2,2025-07-11T08:27:32.284382+00:00,,,,open,
262,,190295412,AUDUSDm,BUY,0.1,0.65798,0.65698,0.6596,MrcashondoV2,2025-07-11T08:27:32.818882+00:00,,,,open,
263,,190295422,USDCHFm,BUY,0.08,0.79695,0.79595,0.79798,MrcashondoV2,2025-07-11T08:27:33.819590+00:00,,,,open,
264,,190295425,NZDCHFm,BUY,0.08,0.47954,0.47854,0.4807,MrcashondoV2,2025-07-11T08:27:34.379248+00:00,,,,open,
265,,190295433,USOILm,SELL,0.01,65.902,66.902,64.402,MrcashondoV2,2025-07-11T08:27:34.971790+00:00,,,,open,
266,,190295437,NZDUSDm,BUY,0.1,0.60168,0.60068,0.60313,MrcashondoV2,2025-07-11T08:27:35.503122+00:00,,,,open,
267,,190299164,CADCHFm,SELL,0.08,0.58181,0.58281,0.58031,MrcashondoV2,2025-07-11T08:42:38.466819+00:00,,,,open,
268,,190299166,CADCHFm,SELL,0.08,0.58181,0.58281,0.58072,MrcashondoV2,2025-07-11T08:42:39.033237+00:00,,,,open,
269,,190299168,AUDCHFm,BUY,0.08,0.52441,0.52341,0.52591,MrcashondoV2,2025-07-11T08:42:39.601724+00:00,,,,open,
270,,190299169,AUDCHFm,BUY,0.08,0.52441,0.52341,0.52573,MrcashondoV2,2025-07-11T08:42:40.175015+00:00,,,,open,
271,,190299172,AUDUSDm,BUY,0.1,0.65788,0.65688,0.65938,MrcashondoV2,2025-07-11T08:42:40.700295+00:00,,,,open,
272,,190299173,AUDUSDm,BUY,0.1,0.65788,0.65688,0.65938,MrcashondoV2,2025-07-11T08:42:41.236984+00:00,,,,open,
273,,190299174,EURUSDm,SELL,0.1,1.16855,1.16955,1.16738,MrcashondoV2,2025-07-11T08:42:41.803220+00:00,,,,open,
274,,190299175,NZDCADm,BUY,0.14,0.82408,0.82308,0.82533,MrcashondoV2,2025-07-11T08:42:42.951587+00:00,,,,open,
275,,190299176,EURGBPm,BUY,0.07,0.86339,0.86239,0.86464,MrcashondoV2,2025-07-11T08:42:43.507743+00:00,,,,open,
276,,190299179,NZDCHFm,BUY,0.08,0.47949,0.47849,0.48061,MrcashondoV2,2025-07-11T08:42:44.072348+00:00,,,,open,
277,,190299185,NZDUSDm,BUY,0.1,0.60152,0.60052,0.60289,MrcashondoV2,2025-07-11T08:42:44.598720+00:00,,,,open,
278,,190299187,EURCADm,SELL,0.1,1.60084,1.60216,1.59867,MrcashondoV2,2025-07-11T08:42:45.774688+00:00,,,,open,
279,,190303064,CADCHFm,SELL,0.08,0.58187,0.58287,0.58037,MrcashondoV2,2025-07-11T08:57:49.588475+00:00,,,,open,
280,,190303065,CADCHFm,SELL,0.08,0.58187,0.58287,0.58075,MrcashondoV2,2025-07-11T08:57:50.152984+00:00,,,,open,
281,,190303070,EURUSDm,SELL,0.1,1.16807,1.16907,1.16689,MrcashondoV2,2025-07-11T08:57:50.777618+00:00,,,,open,
282,,190303073,AUDCADm,BUY,0.14,0.90036,0.89936,0.902,MrcashondoV2,2025-07-11T08:57:52.249421+00:00,,,,open,
283,,190305693,CADCHFm,SELL,0.08,0.58161,0.58261,0.58051,MrcashondoV2,2025-07-11T09:12:56.145136+00:00,,,,open,
284,,190305694,AUDUSDm,SELL,0.1,0.65759,0.65859,0.65609,MrcashondoV2,2025-07-11T09:12:56.692016+00:00,,,,open,
285,,190305695,EURUSDm,SELL,0.1,1.16869,1.16969,1.16758,MrcashondoV2,2025-07-11T09:12:57.242168+00:00,,,,open,
286,,190305700,NZDCADm,BUY,0.14,0.82392,0.82292,0.82531,MrcashondoV2,2025-07-11T09:12:58.125367+00:00,,,,open,
287,,190305701,AUDCADm,BUY,0.14,0.90085,0.89984,0.90251,MrcashondoV2,2025-07-11T09:12:59.051614+00:00,,,,open,
288,,190305711,GBPAUDm,SELL,0.13,2.05934,2.06052,2.0574,MrcashondoV2,2025-07-11T09:13:01.256333+00:00,,,,open,
289,,190305714,EURCADm,BUY,0.1,1.60102,1.5996,1.60336,MrcashondoV2,2025-07-11T09:13:01.825510+00:00,,,,open,
290,,190308210,CADCHFm,SELL,0.08,0.5817,0.5827,0.58069,MrcashondoV2,2025-07-11T09:28:05.844235+00:00,,,,open,
291,,190308211,EURUSDm,SELL,0.1,1.1683,1.1693,1.16717,MrcashondoV2,2025-07-11T09:28:06.366851+00:00,,,,open,
292,,190308213,NZDCADm,BUY,0.14,0.82357,0.82257,0.82491,MrcashondoV2,2025-07-11T09:28:07.555900+00:00,,,,open,
293,,190308216,USDCADm,BUY,0.14,1.3701400000000001,1.36914,1.37168,MrcashondoV2,2025-07-11T09:28:08.082139+00:00,,,,open,
294,,190308217,AUDCADm,BUY,0.14,0.90044,0.89944,0.90207,MrcashondoV2,2025-07-11T09:28:08.654995+00:00,,,,open,
295,,190308218,GBPAUDm,SELL,0.12,2.06051,2.06173,2.05851,MrcashondoV2,2025-07-11T09:28:10.430384+00:00,,,,open,
296,,190312235,CADCHFm,SELL,0.08,0.58162,0.58262,0.58012,MrcashondoV2,2025-07-11T09:43:12.970063+00:00,,,,open,
297,,190312239,AUDUSDm,BUY,0.1,0.65796,0.65696,0.65946,MrcashondoV2,2025-07-11T09:43:13.519681+00:00,,,,open,
298,,190312240,AUDUSDm,BUY,0.1,0.65796,0.65695,0.65962,MrcashondoV2,2025-07-11T09:43:14.047253+00:00,,,,open,
299,,190312242,EURUSDm,BUY,0.1,1.16912,1.16812,1.17029,MrcashondoV2,2025-07-11T09:43:14.588356+00:00,,,,open,
300,,190312244,GBPUSDm,SELL,0.1,1.35522,1.35622,1.3538,MrcashondoV2,2025-07-11T09:43:15.114870+00:00,,,,open,
301,,190312246,NZDCADm,BUY,0.14,0.82403,0.82303,0.82539,MrcashondoV2,2025-07-11T09:43:15.686171+00:00,,,,open,
302,,190312247,EURGBPm,BUY,0.07,0.86261,0.86161,0.86383,MrcashondoV2,2025-07-11T09:43:16.249152+00:00,,,,open,
303,,190312249,NZDUSDm,BUY,0.1,0.60167,0.60067,0.60312,MrcashondoV2,2025-07-11T09:43:16.811334+00:00,,,,open,
304,,190312251,AUDCADm,BUY,0.13,0.90105,0.90003,0.90273,MrcashondoV2,2025-07-11T09:43:17.385755+00:00,,,,open,
305,,190312265,GBPAUDm,SELL,0.13,2.05948,2.06069,2.05749,MrcashondoV2,2025-07-11T09:43:19.141320+00:00,,,,open,
306,,190312267,EURCADm,BUY,0.1,1.60113,1.5998,1.60332,MrcashondoV2,2025-07-11T09:43:19.712752+00:00,,,,open,
307,,190315227,AUDUSDm,SELL,0.1,0.65759,0.65859,0.65609,MrcashondoV2,2025-07-11T09:58:24.190484+00:00,,,,open,
308,,190315229,EURUSDm,BUY,0.1,1.16936,1.16836,1.17045,MrcashondoV2,2025-07-11T09:58:24.726045+00:00,,,,open,
309,,190315230,GBPUSDm,SELL,0.1,1.35433,1.35533,1.35286,MrcashondoV2,2025-07-11T09:58:25.573660+00:00,,,,open,
310,,190315233,EURGBPm,BUY,0.07,0.86339,0.86239,0.86475,MrcashondoV2,2025-07-11T09:58:26.164346+00:00,,,,open,
311,,190315237,USDCADm,BUY,0.14,1.3700700000000001,1.36907,1.37171,MrcashondoV2,2025-07-11T09:58:26.733669+00:00,,,,open,
312,,190315238,NZDUSDm,SELL,0.1,0.60138,0.60238,0.60002,MrcashondoV2,2025-07-11T09:58:27.274131+00:00,,,,open,
313,,190315239,AUDCADm,BUY,0.14,0.90086,0.89986,0.90248,MrcashondoV2,2025-07-11T09:58:27.835799+00:00,,,,open,
314,,190315268,GBPAUDm,SELL,0.13,2.05937,2.06055,2.05742,MrcashondoV2,2025-07-11T09:58:29.610025+00:00,,,,open,
315,,190315278,EURCADm,BUY,0.1,1.60205,1.60063,1.60438,MrcashondoV2,2025-07-11T09:58:30.167811+00:00,,,,open,
316,,190317976,AUDCHFm,SELL,0.08,0.5239,0.5249,0.5224,MrcashondoV2,2025-07-11T10:13:35.391966+00:00,,,,open,
317,,190317978,AUDUSDm,BUY,0.1,0.65827,0.65727,0.65977,MrcashondoV2,2025-07-11T10:13:35.928091+00:00,,,,open,
318,,190317981,AUDUSDm,BUY,0.1,0.65827,0.65726,0.65993,MrcashondoV2,2025-07-11T10:13:36.463635+00:00,,,,open,
319,,190317982,EURUSDm,BUY,0.1,1.16937,1.16837,1.17037,MrcashondoV2,2025-07-11T10:13:36.994229+00:00,,,,open,
320,,190318006,GBPUSDm,SELL,0.1,1.3548499999999999,1.35585,1.35348,MrcashondoV2,2025-07-11T10:13:37.834878+00:00,,,,open,
321,,190318008,NZDCADm,BUY,0.14,0.82442,0.82342,0.82571,MrcashondoV2,2025-07-11T10:13:38.392554+00:00,,,,open,
322,,190318009,USDCADm,BUY,0.14,1.36937,1.36837,1.37102,MrcashondoV2,2025-07-11T10:13:38.915617+00:00,,,,open,
323,,190318010,NZDUSDm,BUY,0.1,0.60204,0.60104,0.60345,MrcashondoV2,2025-07-11T10:13:39.464256+00:00,,,,open,
324,,190318011,AUDCADm,BUY,0.14,0.90136,0.90035,0.90302,MrcashondoV2,2025-07-11T10:13:40.019684+00:00,,,,open,
325,,190318018,GBPAUDm,SELL,0.11,2.0580600000000002,2.05943,2.05581,MrcashondoV2,2025-07-11T10:13:40.878408+00:00,,,,open,
326,,190321682,CADCHFm,SELL,0.08,0.58134,0.58234,0.57984,MrcashondoV2,2025-07-11T10:28:52.354669+00:00,,,,open,
327,,190321683,CADCHFm,SELL,0.08,0.58134,0.58234,0.58021,MrcashondoV2,2025-07-11T10:28:52.977419+00:00,,,,open,
328,,190321684,AUDCHFm,BUY,0.08,0.52419,0.52319,0.52569,MrcashondoV2,2025-07-11T10:28:53.539030+00:00,,,,open,
329,,190321685,AUDUSDm,BUY,0.1,0.65847,0.65747,0.65997,MrcashondoV2,2025-07-11T10:28:54.076468+00:00,,,,open,
330,,190321686,AUDUSDm,BUY,0.1,0.65847,0.65747,0.66001,MrcashondoV2,2025-07-11T10:28:54.619881+00:00,,,,open,
331,,190321689,NZDCADm,BUY,0.14,0.82456,0.82356,0.82579,MrcashondoV2,2025-07-11T10:28:55.514088+00:00,,,,open,
332,,190321690,EURGBPm,BUY,0.07,0.86347,0.86247,0.86484,MrcashondoV2,2025-07-11T10:28:56.084137+00:00,,,,open,
333,,190321693,USDCADm,BUY,0.14,1.3693,1.3683,1.37085,MrcashondoV2,2025-07-11T10:28:56.624465+00:00,,,,open,
334,,190321695,USOILm,BUY,0.01,66.008,65.008,67.508,MrcashondoV2,2025-07-11T10:28:57.225072+00:00,,,,open,
335,,190321706,NZDUSDm,BUY,0.1,0.60215,0.60115,0.60349,MrcashondoV2,2025-07-11T10:28:57.768444+00:00,,,,open,
336,,190321713,AUDCADm,BUY,0.14,0.90158,0.90058,0.90313,MrcashondoV2,2025-07-11T10:28:58.365333+00:00,,,,open,
337,,190325642,CADCHFm,SELL,0.08,0.58141,0.58241,0.57991,MrcashondoV2,2025-07-11T10:44:09.808490+00:00,,,,open,
338,,190325643,CADCHFm,SELL,0.08,0.58141,0.58241,0.58029,MrcashondoV2,2025-07-11T10:44:10.368250+00:00,,,,open,
339,,190325647,AUDUSDm,BUY,0.1,0.65859,0.65759,0.66009,MrcashondoV2,2025-07-11T10:44:10.896587+00:00,,,,open,
340,,190325649,AUDUSDm,BUY,0.1,0.65859,0.65759,0.66005,MrcashondoV2,2025-07-11T10:44:11.439883+00:00,,,,open,
341,,190325651,EURUSDm,BUY,0.1,1.16904,1.16804,1.17054,MrcashondoV2,2025-07-11T10:44:11.988670+00:00,,,,open,
342,,190325654,USDCADm,BUY,0.14,1.36898,1.36798,1.3705,MrcashondoV2,2025-07-11T10:44:12.846578+00:00,,,,open,
343,,190328948,AUDUSDm,BUY,0.1,0.65874,0.65774,0.66018,MrcashondoV2,2025-07-11T10:59:17.946264+00:00,,,,open,
344,,190328952,EURUSDm,BUY,0.1,1.16925,1.16825,1.17075,MrcashondoV2,2025-07-11T10:59:18.511794+00:00,,,,open,
345,,190328955,NZDCADm,BUY,0.14,0.82422,0.82322,0.82545,MrcashondoV2,2025-07-11T10:59:19.400773+00:00,,,,open,
346,,190328958,EURGBPm,BUY,0.07,0.86411,0.86311,0.86548,MrcashondoV2,2025-07-11T10:59:19.973307+00:00,,,,open,
347,,190328961,USDCADm,BUY,0.14,1.36905,1.36805,1.37049,MrcashondoV2,2025-07-11T10:59:20.523699+00:00,,,,open,
348,,190328962,USOILm,SELL,0.01,65.95,66.95,64.45,MrcashondoV2,2025-07-11T10:59:21.123068+00:00,,,,open,
349,,190328968,EURCADm,SELL,0.1,1.60072,1.60209,1.59847,MrcashondoV2,2025-07-11T10:59:22.630227+00:00,,,,open,
350,,190333704,AUDUSDm,BUY,0.1,0.65886,0.65786,0.66031,MrcashondoV2,2025-07-11T11:14:28.961231+00:00,,,,open,
351,,190333712,EURGBPm,BUY,0.07,0.86418,0.86318,0.86553,MrcashondoV2,2025-07-11T11:14:29.838774+00:00,,,,open,
352,,190333721,USDCADm,BUY,0.14,1.36898,1.36798,1.37042,MrcashondoV2,2025-07-11T11:14:30.401516+00:00,,,,open,
353,,190333725,USOILm,BUY,0.01,66.037,65.037,67.537,MrcashondoV2,2025-07-11T11:14:30.977359+00:00,,,,open,
354,,190333738,EURCADm,BUY,0.1,1.60117,1.59974,1.60352,MrcashondoV2,2025-07-11T11:14:32.458406+00:00,,,,open,
355,,190339665,CADCHFm,SELL,0.08,0.58182,0.58282,0.58063,MrcashondoV2,2025-07-11T11:29:37.870697+00:00,,,,open,
356,,190339670,AUDCHFm,BUY,0.08,0.5245,0.5235,0.52573,MrcashondoV2,2025-07-11T11:29:38.446321+00:00,,,,open,
357,,190339672,AUDUSDm,BUY,0.1,0.65844,0.65744,0.65994,MrcashondoV2,2025-07-11T11:29:38.977561+00:00,,,,open,
358,,190339675,EURUSDm,SELL,0.1,1.1688,1.1698,1.16769,MrcashondoV2,2025-07-11T11:29:39.507408+00:00,,,,open,
359,,190339677,NZDCADm,BUY,0.14,0.82377,0.82277,0.82519,MrcashondoV2,2025-07-11T11:29:40.680465+00:00,,,,open,
360,,190339678,EURGBPm,BUY,0.07,0.86448,0.86348,0.86593,MrcashondoV2,2025-07-11T11:29:41.247685+00:00,,,,open,
361,,190339680,USDCADm,BUY,0.14,1.36902,1.36802,1.3704,MrcashondoV2,2025-07-11T11:29:41.779377+00:00,,,,open,
362,,190339684,USOILm,BUY,0.01,66.187,65.187,67.687,MrcashondoV2,2025-07-11T11:29:42.380785+00:00,,,,open,
363,,190339687,NZDUSDm,BUY,0.1,0.60168,0.60068,0.60306,MrcashondoV2,2025-07-11T11:29:42.917407+00:00,,,,open,
364,,190339690,EURCADm,SELL,0.09,1.60005,1.60158,1.59754,MrcashondoV2,2025-07-11T11:29:43.773062+00:00,,,,open,
365,,190344748,CADCHFm,SELL,0.08,0.58184,0.58284,0.5807,MrcashondoV2,2025-07-11T11:44:47.542588+00:00,,,,open,
366,,190344750,AUDCHFm,BUY,0.08,0.52451,0.52351,0.52568,MrcashondoV2,2025-07-11T11:44:48.120009+00:00,,,,open,
367,,190344752,AUDUSDm,BUY,0.1,0.65856,0.65756,0.66006,MrcashondoV2,2025-07-11T11:44:48.653715+00:00,,,,open,
368,,190344753,AUDUSDm,BUY,0.1,0.65856,0.65756,0.65997,MrcashondoV2,2025-07-11T11:44:49.181893+00:00,,,,open,
369,,190344759,NZDCADm,BUY,0.14,0.8238,0.8228,0.82513,MrcashondoV2,2025-07-11T11:44:49.746656+00:00,,,,open,
370,,190344763,EURGBPm,BUY,0.07,0.86509,0.86409,0.86662,MrcashondoV2,2025-07-11T11:44:50.304836+00:00,,,,open,
371,,190344766,EURCADm,SELL,0.09,1.60029,1.60174,1.59791,MrcashondoV2,2025-07-11T11:44:51.233213+00:00,,,,open,
372,,190351642,CADCHFm,SELL,0.08,0.5814,0.5824,0.5799,MrcashondoV2,2025-07-11T11:59:54.437795+00:00,,,,open,
373,,190351645,CADCHFm,SELL,0.08,0.5814,0.5824,0.58021,MrcashondoV2,2025-07-11T11:59:55.020738+00:00,,,,open,
374,,190351648,AUDUSDm,BUY,0.1,0.65795,0.65695,0.65946,MrcashondoV2,2025-07-11T11:59:55.559002+00:00,,,,open,
375,,190351649,EURUSDm,SELL,0.1,1.16877,1.16977,1.16764,MrcashondoV2,2025-07-11T11:59:56.112899+00:00,,,,open,
376,,190351656,NZDCADm,BUY,0.14,0.82355,0.82255,0.82489,MrcashondoV2,2025-07-11T11:59:57.309086+00:00,,,,open,
377,,190351719,USDCHFm,BUY,0.08,0.79625,0.79525,0.7978,MrcashondoV2,2025-07-11T11:59:57.857582+00:00,,,,open,
378,,190351768,EURGBPm,BUY,0.07,0.8655,0.8645,0.86706,MrcashondoV2,2025-07-11T11:59:58.442180+00:00,,,,open,
379,,190351792,USDCADm,BUY,0.14,1.3695300000000001,1.36853,1.37106,MrcashondoV2,2025-07-11T11:59:59.019875+00:00,,,,open,
380,,190351810,USOILm,BUY,0.01,66.45,65.45,67.95,MrcashondoV2,2025-07-11T11:59:59.682004+00:00,,,,open,
381,,190351822,USOILm,BUY,0.01,66.45,65.45,67.95,MrcashondoV2,2025-07-11T12:00:00.312337+00:00,,,,open,
382,,190351829,NZDUSDm,SELL,0.1,0.6013,0.6023,0.59991,MrcashondoV2,2025-07-11T12:00:00.857286+00:00,,,,open,
383,,190351838,AUDCADm,BUY,0.14,0.901,0.9,0.90246,MrcashondoV2,2025-07-11T12:00:01.474671+00:00,,,,open,
384,,190351850,EURCADm,SELL,0.1,1.60059,1.602,1.59826,MrcashondoV2,2025-07-11T12:00:02.682071+00:00,,,,open,
385,,190359413,CADCHFm,SELL,0.08,0.58154,0.58254,0.58004,MrcashondoV2,2025-07-11T12:15:07.943653+00:00,,,,open,
386,,190359418,CADCHFm,SELL,0.08,0.58154,0.58254,0.58047,MrcashondoV2,2025-07-11T12:15:08.538015+00:00,,,,open,
387,,190359424,EURUSDm,SELL,0.1,1.16853,1.16953,1.16746,MrcashondoV2,2025-07-11T12:15:09.079301+00:00,,,,open,
388,,190365590,CADCHFm,BUY,0.08,0.58255,0.58155,0.58359,MrcashondoV2,2025-07-11T12:30:15.752602+00:00,,,,open,
389,,190365596,CADCHFm,BUY,0.08,0.58255,0.58155,0.58404,MrcashondoV2,2025-07-11T12:30:16.322429+00:00,,,,open,
390,,190365604,AUDCHFm,SELL,0.08,0.52396,0.52496,0.52246,MrcashondoV2,2025-07-11T12:30:16.890662+00:00,,,,open,
391,,190365611,AUDCHFm,BUY,0.08,0.52396,0.52296,0.52514,MrcashondoV2,2025-07-11T12:30:17.519128+00:00,,,,open,
392,,190365624,AUDUSDm,BUY,0.1,0.6579,0.6569,0.6594,MrcashondoV2,2025-07-11T12:30:18.042148+00:00,,,,open,
393,,190365628,AUDUSDm,BUY,0.1,0.6579,0.6569,0.6595,MrcashondoV2,2025-07-11T12:30:18.617443+00:00,,,,open,
394,,190365633,EURUSDm,BUY,0.1,1.16895,1.16795,1.17005,MrcashondoV2,2025-07-11T12:30:19.151825+00:00,,,,open,
395,,190365641,USDCHFm,BUY,0.08,0.79633,0.79533,0.79777,MrcashondoV2,2025-07-11T12:30:20.414738+00:00,,,,open,
396,,190365644,EURGBPm,BUY,0.07,0.86585,0.86485,0.86729,MrcashondoV2,2025-07-11T12:30:20.973686+00:00,,,,open,
397,,190365648,NZDUSDm,SELL,0.1,0.60114,0.60214,0.59968,MrcashondoV2,2025-07-11T12:30:21.519839+00:00,,,,open,
398,,190375302,AUDCHFm,BUY,0.08,0.52415,0.52315,0.52565,MrcashondoV2,2025-07-11T12:45:24.641864+00:00,,,,open,
399,,190375307,AUDUSDm,BUY,0.1,0.65823,0.65723,0.65927,MrcashondoV2,2025-07-11T12:45:25.172353+00:00,,,,open,
400,,190375345,AUDUSDm,BUY,0.1,0.65823,0.65721,0.65991,MrcashondoV2,2025-07-11T12:45:25.703242+00:00,,,,open,
401,,190375348,EURUSDm,BUY,0.1,1.16916,1.16816,1.17048,MrcashondoV2,2025-07-11T12:45:26.244329+00:00,,,,open,
402,,190375350,USDCHFm,SELL,0.08,0.79628,0.79728,0.79478,MrcashondoV2,2025-07-11T12:45:26.796811+00:00,,,,open,
403,,190375354,USDCHFm,BUY,0.08,0.79628,0.79528,0.79781,MrcashondoV2,2025-07-11T12:45:27.346789+00:00,,,,open,
404,,190375366,EURGBPm,BUY,0.07,0.86546,0.86446,0.86685,MrcashondoV2,2025-07-11T12:45:27.989758+00:00,,,,open,
405,,190375369,NZDUSDm,BUY,0.1,0.60154,0.60054,0.6031,MrcashondoV2,2025-07-11T12:45:28.539278+00:00,,,,open,
406,,190382192,CADCHFm,BUY,0.08,0.58224,0.58124,0.58328,MrcashondoV2,2025-07-11T13:00:33.581902+00:00,,,,open,
407,,190382199,CADCHFm,BUY,0.08,0.58224,0.58124,0.58366,MrcashondoV2,2025-07-11T13:00:34.146363+00:00,,,,open,
408,,190382201,AUDCHFm,SELL,0.08,0.52391,0.52491,0.52241,MrcashondoV2,2025-07-11T13:00:34.700241+00:00,,,,open,
409,,190382205,AUDUSDm,BUY,0.1,0.6579,0.6569,0.6594,MrcashondoV2,2025-07-11T13:00:35.278763+00:00,,,,open,
410,,190382209,EURUSDm,BUY,0.1,1.16891,1.16791,1.17017,MrcashondoV2,2025-07-11T13:00:35.822286+00:00,,,,open,
411,,190382211,USDCHFm,BUY,0.08,0.79626,0.79526,0.79771,MrcashondoV2,2025-07-11T13:00:36.346721+00:00,,,,open,
412,,190382224,NZDCHFm,SELL,0.08,0.47883,0.47983,0.47733,MrcashondoV2,2025-07-11T13:00:36.932131+00:00,,,,open,
413,,190382232,USDCADm,SELL,0.1,1.3676,1.36894,1.36539,MrcashondoV2,2025-07-11T13:00:37.494678+00:00,,,,open,
414,,190382237,USOILm,BUY,0.01,66.309,65.309,67.809,MrcashondoV2,2025-07-11T13:00:38.134447+00:00,,,,open,
415,,190382240,USOILm,SELL,0.01,66.309,67.309,64.809,MrcashondoV2,2025-07-11T13:00:38.768856+00:00,,,,open,
416,,190382243,NZDUSDm,SELL,0.1,0.6013,0.6023,0.59979,MrcashondoV2,2025-07-11T13:00:39.320115+00:00,,,,open,
417,,190382245,EURCADm,SELL,0.09,1.59851,1.59998,1.59608,MrcashondoV2,2025-07-11T13:00:40.196171+00:00,,,,open,
418,,190390727,CADCHFm,SELL,0.08,0.58192,0.58292,0.58042,MrcashondoV2,2025-07-11T13:15:41.682322+00:00,,,,open,
419,,190390736,CADCHFm,SELL,0.08,0.58192,0.58292,0.58048,MrcashondoV2,2025-07-11T13:15:42.279600+00:00,,,,open,
420,,190390746,USDCHFm,SELL,0.08,0.79633,0.79733,0.79483,MrcashondoV2,2025-07-11T13:15:42.829058+00:00,,,,open,
421,,190390751,USDCHFm,BUY,0.08,0.79633,0.79533,0.79777,MrcashondoV2,2025-07-11T13:15:43.386423+00:00,,,,open,
422,,190390763,USDCADm,SELL,0.12,1.36849,1.36964,1.36659,MrcashondoV2,2025-07-11T13:15:43.955861+00:00,,,,open,
423,,190404172,CADCHFm,BUY,0.08,0.58207,0.58107,0.58347,MrcashondoV2,2025-07-11T13:30:48.069791+00:00,,,,open,
424,,190404175,NZDCADm,SELL,0.14,0.82275,0.82375,0.82168,MrcashondoV2,2025-07-11T13:30:48.670334+00:00,,,,open,
425,,190404181,USDCHFm,SELL,0.08,0.79617,0.79717,0.79467,MrcashondoV2,2025-07-11T13:30:49.228349+00:00,,,,open,
426,,190404190,USDCHFm,SELL,0.08,0.79617,0.79717,0.79469,MrcashondoV2,2025-07-11T13:30:49.762952+00:00,,,,open,
427,,190404201,NZDCHFm,BUY,0.08,0.47892,0.47792,0.48005,MrcashondoV2,2025-07-11T13:30:50.356117+00:00,,,,open,
428,,190404206,USDCADm,SELL,0.13,1.36787,1.36891,1.36615,MrcashondoV2,2025-07-11T13:30:50.885625+00:00,,,,open,
429,,190404211,USOILm,BUY,0.01,66.476,65.476,67.976,MrcashondoV2,2025-07-11T13:30:51.485900+00:00,,,,open,
430,,190404216,USOILm,BUY,0.01,66.476,65.476,67.976,MrcashondoV2,2025-07-11T13:30:52.186724+00:00,,,,open,
431,,190404226,EURCADm,SELL,0.11,1.59939,1.6006,1.5974,MrcashondoV2,2025-07-11T13:30:53.375376+00:00,,,,open,
432,,190418687,CADCHFm,SELL,0.08,0.58168,0.58268,0.58018,MrcashondoV2,2025-07-11T13:45:59.277642+00:00,,,,open,
433,,190418689,CADCHFm,SELL,0.08,0.58168,0.58268,0.58033,MrcashondoV2,2025-07-11T13:45:59.854214+00:00,,,,open,
434,,190418694,AUDCHFm,SELL,0.08,0.52396,0.52496,0.52246,MrcashondoV2,2025-07-11T13:46:00.427890+00:00,,,,open,
435,,190418780,NZDCADm,SELL,0.14,0.82286,0.82386,0.82136,MrcashondoV2,2025-07-11T13:46:01.002292+00:00,,,,open,
436,,190418787,USDCHFm,SELL,0.08,0.79599,0.79699,0.79449,MrcashondoV2,2025-07-11T13:46:01.562654+00:00,,,,open,
437,,190418790,USDCHFm,SELL,0.08,0.79599,0.79699,0.79441,MrcashondoV2,2025-07-11T13:46:02.095075+00:00,,,,open,
438,,190418793,EURGBPm,BUY,0.07,0.86587,0.86487,0.86734,MrcashondoV2,2025-07-11T13:46:02.691407+00:00,,,,open,
439,,190418800,NZDCHFm,SELL,0.08,0.47865,0.47965,0.47755,MrcashondoV2,2025-07-11T13:46:03.261995+00:00,,,,open,
440,,190418803,USOILm,BUY,0.01,66.785,65.785,68.285,MrcashondoV2,2025-07-11T13:46:03.903774+00:00,,,,open,
441,,190418806,USOILm,BUY,0.01,66.785,65.785,68.285,MrcashondoV2,2025-07-11T13:46:04.536460+00:00,,,,open,
442,,190431703,EURUSDm,SELL,0.1,1.16866,1.16968,1.16699,MrcashondoV2,2025-07-11T14:01:10.057868+00:00,,,,open,
443,,190431722,EURUSDm,SELL,0.06,1.16866,1.17031,1.16595,MrcashondoV2,2025-07-11T14:01:10.780516+00:00,,,,open,
444,,190431746,NZDCADm,SELL,0.14,0.82267,0.82367,0.82117,MrcashondoV2,2025-07-11T14:01:11.993403+00:00,,,,open,
445,,190431765,USDCHFm,SELL,0.08,0.7962,0.7972,0.7947,MrcashondoV2,2025-07-11T14:01:12.555056+00:00,,,,open,
446,,190431770,USDCHFm,SELL,0.08,0.7962,0.7972,0.79461,MrcashondoV2,2025-07-11T14:01:13.118958+00:00,,,,open,
447,,190431781,EURGBPm,BUY,0.07,0.86608,0.86508,0.8676,MrcashondoV2,2025-07-11T14:01:13.716065+00:00,,,,open,
448,,190431788,USDCADm,BUY,0.12,1.37024,1.36912,1.37209,MrcashondoV2,2025-07-11T14:01:14.258334+00:00,,,,open,
449,,190431798,USDCADm,BUY,0.08,1.37024,1.36842,1.37324,MrcashondoV2,2025-07-11T14:01:14.843785+00:00,,,,open,
450,,190431815,USOILm,BUY,0.01,66.674,65.674,68.174,MrcashondoV2,2025-07-11T14:01:15.476539+00:00,,,,open,
451,,190431831,USOILm,BUY,0.01,66.674,65.674,68.174,MrcashondoV2,2025-07-11T14:01:16.078967+00:00,,,,open,
452,,190431867,EURCADm,BUY,0.1,1.60129,1.59992,1.60355,MrcashondoV2,2025-07-11T14:01:18.975206+00:00,,,,open,
453,,190431871,EURCADm,BUY,0.07,1.60129,1.5992,1.60474,MrcashondoV2,2025-07-11T14:01:19.542932+00:00,,,,open,
454,,190439953,CADCHFm,SELL,0.08,0.58144,0.58244,0.57994,MrcashondoV2,2025-07-11T14:16:25.058436+00:00,,,,open,
455,,190439959,CADCHFm,SELL,0.08,0.58144,0.58244,0.58009,MrcashondoV2,2025-07-11T14:16:25.636100+00:00,,,,open,
456,,190439963,AUDCHFm,SELL,0.08,0.52378,0.52478,0.52228,MrcashondoV2,2025-07-11T14:16:26.206572+00:00,,,,open,
457,,190439969,AUDCHFm,BUY,0.08,0.52378,0.52278,0.52514,MrcashondoV2,2025-07-11T14:16:26.777913+00:00,,,,open,
458,,190439970,AUDUSDm,BUY,0.09,0.65734,0.65618,0.65925,MrcashondoV2,2025-07-11T14:16:27.332267+00:00,,,,open,
459,,190439978,NZDCADm,SELL,0.14,0.82275,0.82375,0.82125,MrcashondoV2,2025-07-11T14:16:27.904923+00:00,,,,open,
460,,190439988,USDCHFm,BUY,0.08,0.79676,0.79576,0.79837,MrcashondoV2,2025-07-11T14:16:28.467905+00:00,,,,open,
461,,190439993,USOILm,BUY,0.01,66.636,65.636,68.136,MrcashondoV2,2025-07-11T14:16:29.069385+00:00,,,,open,
462,,190439997,USOILm,BUY,0.01,66.636,65.636,68.136,MrcashondoV2,2025-07-11T14:16:29.689701+00:00,,,,open,
463,,190440006,AUDCADm,BUY,0.12,0.90072,0.89955,0.90265,MrcashondoV2,2025-07-11T14:16:30.392182+00:00,,,,open,
464,,190440007,EURCADm,BUY,0.09,1.60018,1.59865,1.6027,MrcashondoV2,2025-07-11T14:16:30.955462+00:00,,,,open,
465,,190440012,EURCADm,SELL,0.06,1.60018,1.60239,1.59654,MrcashondoV2,2025-07-11T14:16:31.560061+00:00,,,,open,
466,,190440026,EURAUDm,SELL,0.11,1.7763200000000001,1.77766,1.77412,MrcashondoV2,2025-07-11T14:16:32.134755+00:00,,,,open,
467,,190448589,EURUSDm,SELL,0.06,1.16822,1.16978,1.16565,MrcashondoV2,2025-07-11T14:31:36.761635+00:00,,,,open,
468,,190448611,EURGBPm,BUY,0.07,0.86603,0.86503,0.86748,MrcashondoV2,2025-07-11T14:31:37.940342+00:00,,,,open,
469,,190448625,NZDCHFm,BUY,0.08,0.47904,0.47804,0.4803,MrcashondoV2,2025-07-11T14:31:38.512406+00:00,,,,open,
470,,190448640,USDCADm,BUY,0.11,1.36959,1.36833,1.37166,MrcashondoV2,2025-07-11T14:31:39.063246+00:00,,,,open,
471,,190448653,USDCADm,BUY,0.07,1.36959,1.36767,1.37276,MrcashondoV2,2025-07-11T14:31:39.607057+00:00,,,,open,
472,,190448668,USOILm,BUY,0.01,67.184,66.184,68.684,MrcashondoV2,2025-07-11T14:31:40.224072+00:00,,,,open,
473,,190448680,USOILm,BUY,0.01,67.184,66.184,68.684,MrcashondoV2,2025-07-11T14:31:40.810012+00:00,,,,open,
474,,190448691,NZDUSDm,SELL,0.09,0.60087,0.60193,0.59912,MrcashondoV2,2025-07-11T14:31:41.347800+00:00,,,,open,
475,,190448770,US30m,SELL,0.01,44434.5,44493.1,44338.0,MrcashondoV2,2025-07-11T14:31:44.399278+00:00,,,,open,
476,,190448795,US30_x10m,SELL,0.01,44434.5,44493.1,44338.0,MrcashondoV2,2025-07-11T14:31:45.010112+00:00,,,,open,
477,,190448815,EURCADm,SELL,0.1,1.59993,1.60135,1.59759,MrcashondoV2,2025-07-11T14:31:45.611414+00:00,,,,open,
478,,190448832,EURCADm,SELL,0.06,1.59993,1.6021,1.59635,MrcashondoV2,2025-07-11T14:31:46.198294+00:00,,,,open,
479,,190448852,XAGUSDm,BUY,0.03,38.184,37.584,39.084,MrcashondoV2,2025-07-11T14:31:46.801660+00:00,,,,open,
480,,190460278,CADCHFm,SELL,0.08,0.58168,0.58268,0.58018,MrcashondoV2,2025-07-11T14:46:52.349548+00:00,,,,open,
481,,190460280,CADCHFm,SELL,0.08,0.58168,0.58268,0.5802,MrcashondoV2,2025-07-11T14:46:52.942818+00:00,,,,open,
482,,190460283,AUDCHFm,SELL,0.08,0.52404,0.52504,0.52254,MrcashondoV2,2025-07-11T14:46:53.525472+00:00,,,,open,
483,,190460286,AUDCHFm,BUY,0.08,0.52404,0.52304,0.52561,MrcashondoV2,2025-07-11T14:46:54.104857+00:00,,,,open,
484,,190460290,AUDUSDm,SELL,0.1,0.65756,0.65856,0.65651,MrcashondoV2,2025-07-11T14:46:54.676435+00:00,,,,open,
485,,190460294,EURGBPm,BUY,0.07,0.86575,0.86475,0.86722,MrcashondoV2,2025-07-11T14:46:55.282965+00:00,,,,open,
486,,190460297,NZDCHFm,SELL,0.08,0.47848,0.47948,0.47717,MrcashondoV2,2025-07-11T14:46:55.842137+00:00,,,,open,
487,,190460302,USDCADm,BUY,0.12,1.36998,1.36885,1.37184,MrcashondoV2,2025-07-11T14:46:56.410604+00:00,,,,open,
488,,190460306,USDCADm,BUY,0.07,1.36998,1.36811,1.37306,MrcashondoV2,2025-07-11T14:46:56.939673+00:00,,,,open,
489,,190460307,AUDCADm,BUY,0.13,0.90081,0.89974,0.90257,MrcashondoV2,2025-07-11T14:46:57.547593+00:00,,,,open,
490,,190460318,US30m,SELL,0.01,44386.0,44443.7,44291.0,MrcashondoV2,2025-07-11T14:46:58.296407+00:00,,,,open,
491,,190460329,US30_x10m,SELL,0.01,44386.0,44443.7,44291.0,MrcashondoV2,2025-07-11T14:46:59.071919+00:00,,,,open,
492,,190460334,EURCADm,BUY,0.11,1.60102,1.59972,1.60316,MrcashondoV2,2025-07-11T14:46:59.741523+00:00,,,,open,
493,,190471764,CADCHFm,SELL,0.08,0.58136,0.58236,0.57986,MrcashondoV2,2025-07-11T15:02:05.242878+00:00,,,,open,
494,,190471769,USDCHFm,SELL,0.08,0.79634,0.79734,0.79531,MrcashondoV2,2025-07-11T15:02:06.410545+00:00,,,,open,
495,,190471773,USDCHFm,BUY,0.08,0.79634,0.79532,0.79803,MrcashondoV2,2025-07-11T15:02:06.958873+00:00,,,,open,
496,,190471778,EURGBPm,BUY,0.07,0.86591,0.86491,0.86736,MrcashondoV2,2025-07-11T15:02:07.560283+00:00,,,,open,
497,,190471783,USDCADm,BUY,0.13,1.3697300000000001,1.36871,1.3714,MrcashondoV2,2025-07-11T15:02:08.116505+00:00,,,,open,
498,,190471786,USOILm,BUY,0.01,67.103,66.103,68.603,MrcashondoV2,2025-07-11T15:02:08.801448+00:00,,,,open,
499,,190471792,USOILm,BUY,0.01,67.103,66.103,68.603,MrcashondoV2,2025-07-11T15:02:09.413978+00:00,,,,open,
500,,190471799,AUDCADm,BUY,0.12,0.90028,0.8991,0.90223,MrcashondoV2,2025-07-11T15:02:10.693282+00:00,,,,open,
501,,190471817,EURAUDm,BUY,0.1,1.7788,1.77728,1.7813,MrcashondoV2,2025-07-11T15:02:13.224953+00:00,,,,open,
502,,190471821,EURAUDm,SELL,0.06,1.7788,1.78146,1.77443,MrcashondoV2,2025-07-11T15:02:13.788674+00:00,,,,open,
503,,190479819,CADCHFm,SELL,0.08,0.58183,0.58283,0.58033,MrcashondoV2,2025-07-11T15:17:23.064009+00:00,,,,open,
504,,190479832,AUDCHFm,SELL,0.08,0.52369,0.52469,0.52219,MrcashondoV2,2025-07-11T15:17:23.678316+00:00,,,,open,
505,,190479840,AUDCHFm,BUY,0.08,0.52369,0.52269,0.5253,MrcashondoV2,2025-07-11T15:17:24.292817+00:00,,,,open,
506,,190479846,AUDUSDm,SELL,0.1,0.65729,0.65829,0.65579,MrcashondoV2,2025-07-11T15:17:24.857353+00:00,,,,open,
507,,190479853,USDCHFm,BUY,0.08,0.79671,0.79569,0.79839,MrcashondoV2,2025-07-11T15:17:25.395297+00:00,,,,open,
508,,190479858,EURGBPm,BUY,0.07,0.86565,0.86465,0.86699,MrcashondoV2,2025-07-11T15:17:26.003129+00:00,,,,open,
509,,190479862,NZDCHFm,SELL,0.08,0.47837,0.47937,0.47704,MrcashondoV2,2025-07-11T15:17:26.568865+00:00,,,,open,
510,,190479866,GBPAUDm,SELL,0.1,2.05443,2.05591,2.05199,MrcashondoV2,2025-07-11T15:17:27.189771+00:00,,,,open,
511,,190479871,EURAUDm,SELL,0.06,1.7784900000000001,1.78097,1.7744,MrcashondoV2,2025-07-11T15:17:27.769358+00:00,,,,open,
512,,190479873,XAGUSDm,BUY,0.03,38.193,37.593,39.093,MrcashondoV2,2025-07-11T15:17:28.372596+00:00,,,,open,
513,640.0,190562613,USDCHFm,BUY,0.01,0.79631,0.79531,0.79761,MrcashondoV2,2025-07-11T17:22:43.602527+00:00,,,,open,
514,642.0,190562614,NZDCHFm,SELL,0.01,0.47847,0.47947,0.47697,MrcashondoV2,2025-07-11T17:22:44.529361+00:00,,,,open,
515,643.0,190562615,USOILm,BUY,0.01,67.266,66.266,68.766,MrcashondoV2,2025-07-11T17:22:45.136118+00:00,,,,open,
